
> menu@0.0.1 dev /home/nicolas/Desktop/Projects/menud-frontend/apps/menu
> next dev --turbopack

   ▲ Next.js 15.2.0 (Turbopack)
   - Local:        http://localhost:5000
   - Network:      http://192.168.2.25:5000
   - Environments: .env

 ✓ Starting...
 ✓ Ready in 1373ms
 ○ Compiling / ...
 ✓ Compiled / in 3.8s
 GET / 200 in 4243ms
 GET / 200 in 188ms
 ✓ Compiled /favicon.ico in 395ms
 GET /favicon.ico?favicon.45db1c09.ico 200 in 449ms
 GET /favicon.ico?favicon.45db1c09.ico 200 in 21ms
 ✓ Compiled /_not-found/page in 403ms
 GET /_next/internal/helpers.ts 404 in 473ms
 GET /_next/static/runtime.ts 404 in 471ms
 ✓ Compiled in 157ms
 ✓ Compiled in 171ms
 ✓ Compiled in 167ms
 ✓ Compiled in 174ms
 ✓ Compiled in 163ms
 GET / 200 in 159ms
 GET /favicon.ico?favicon.45db1c09.ico 200 in 19ms
 GET /favicon.ico?favicon.45db1c09.ico 200 in 20ms
 GET / 200 in 162ms
 GET /favicon.ico?favicon.45db1c09.ico 200 in 19ms
 GET /favicon.ico?favicon.45db1c09.ico 200 in 21ms
 GET / 200 in 160ms
 GET /favicon.ico?favicon.45db1c09.ico 200 in 35ms
 GET /favicon.ico?favicon.45db1c09.ico 200 in 22ms
 GET / 200 in 160ms
 GET /favicon.ico?favicon.45db1c09.ico 200 in 23ms
 ○ Compiling /[id] ...
 ✓ Compiled /[id] in 1151ms
 GET /terraza-centro 307 in 1816ms
 GET / 200 in 148ms
 GET /favicon.ico?favicon.45db1c09.ico 200 in 20ms
 GET /terraza-centro 307 in 126ms
 GET / 200 in 137ms
 GET /favicon.ico?favicon.45db1c09.ico 200 in 27ms
 ✓ Compiled in 150ms
 GET / 200 in 58ms
 GET / 200 in 162ms
 GET /favicon.ico?favicon.45db1c09.ico 200 in 28ms
 GET /favicon.ico?favicon.45db1c09.ico 200 in 20ms
 GET / 200 in 155ms
 GET /favicon.ico?favicon.45db1c09.ico 200 in 18ms
 GET /favicon.ico?favicon.45db1c09.ico 200 in 21ms
 GET / 200 in 160ms
 GET /favicon.ico?favicon.45db1c09.ico 200 in 19ms
 GET /favicon.ico?favicon.45db1c09.ico 200 in 21ms
 GET / 200 in 163ms
 GET /favicon.ico?favicon.45db1c09.ico 200 in 16ms
 GET /favicon.ico?favicon.45db1c09.ico 200 in 25ms
 GET / 200 in 148ms
 GET /favicon.ico?favicon.45db1c09.ico 200 in 17ms
 GET /favicon.ico?favicon.45db1c09.ico 200 in 19ms
 GET / 200 in 147ms
 GET /favicon.ico?favicon.45db1c09.ico 200 in 19ms
 GET /favicon.ico?favicon.45db1c09.ico 200 in 17ms
 GET / 200 in 167ms
 GET /favicon.ico?favicon.45db1c09.ico 200 in 18ms
 GET /favicon.ico?favicon.45db1c09.ico 200 in 20ms
 ✓ Compiled /[id] in 22ms
 GET /terraza-centro 200 in 561ms
 GET /favicon.ico?favicon.45db1c09.ico 200 in 25ms
 GET /_next/internal/helpers.ts 404 in 56ms
 GET /_next/static/runtime.ts 404 in 76ms
 GET / 200 in 178ms
 GET /favicon.ico?favicon.45db1c09.ico 200 in 23ms
 GET /favicon.ico?favicon.45db1c09.ico 200 in 18ms
 GET /.well-known/appspecific/com.chrome.devtools.json 404 in 49ms
 GET /_next/internal/helpers.ts 404 in 70ms
 GET /_next/static/runtime.ts 404 in 70ms
 GET / 200 in 169ms
 GET /favicon.ico?favicon.45db1c09.ico 200 in 17ms
 GET /favicon.ico?favicon.45db1c09.ico 200 in 21ms
 GET /.well-known/appspecific/com.chrome.devtools.json 404 in 40ms
 GET /_next/static/runtime.ts 404 in 44ms
 GET /_next/internal/helpers.ts 404 in 65ms
 GET /terrasa 307 in 153ms
 GET / 200 in 180ms
 GET /.well-known/appspecific/com.chrome.devtools.json 404 in 72ms
 GET /favicon.ico?favicon.45db1c09.ico 200 in 75ms
 GET /_next/internal/helpers.ts 404 in 55ms
 GET /_next/static/runtime.ts 404 in 59ms
 GET / 200 in 169ms
 GET /.well-known/appspecific/com.chrome.devtools.json 404 in 48ms
 GET /favicon.ico?favicon.45db1c09.ico 200 in 18ms
 GET /_next/internal/helpers.ts 404 in 46ms
 GET /_next/static/runtime.ts 404 in 63ms
 GET /favicon.ico?favicon.45db1c09.ico 200 in 18ms
 GET / 200 in 172ms
 GET /.well-known/appspecific/com.chrome.devtools.json 404 in 35ms
 GET /favicon.ico?favicon.45db1c09.ico 200 in 19ms
 GET /_next/internal/helpers.ts 404 in 39ms
 GET /_next/static/runtime.ts 404 in 55ms
 GET /favicon.ico?favicon.45db1c09.ico 200 in 19ms
 GET /terraza-centro 200 in 209ms
 GET /.well-known/appspecific/com.chrome.devtools.json 404 in 50ms
 GET /favicon.ico?favicon.45db1c09.ico 200 in 17ms
 GET /_next/internal/helpers.ts 404 in 44ms
 GET /_next/static/runtime.ts 404 in 36ms
 ✓ Compiled in 184ms
 ✓ Compiled in 140ms
 ✓ Compiled in 177ms
 ✓ Compiled /[id] in 13ms
 GET /terraza-centro 200 in 316ms
 ✓ Compiled in 171ms
 ✓ Compiled in 198ms
 GET /terraza-centro 200 in 570ms
 GET /.well-known/appspecific/com.chrome.devtools.json 404 in 59ms
 GET /favicon.ico?favicon.45db1c09.ico 200 in 22ms
 GET /favicon.ico?favicon.45db1c09.ico 200 in 22ms
 GET /_next/internal/helpers.ts 404 in 72ms
 GET /_next/static/runtime.ts 404 in 69ms
 ✓ Compiled in 210ms
 GET /terraza-centro 200 in 583ms
 GET /.well-known/appspecific/com.chrome.devtools.json 404 in 66ms
 GET /_next/internal/helpers.ts 404 in 43ms
 GET /_next/static/runtime.ts 404 in 65ms
 GET /favicon.ico?favicon.45db1c09.ico 200 in 19ms
 GET /favicon.ico?favicon.45db1c09.ico 200 in 21ms
 ✓ Compiled in 189ms
 ✓ Compiled in 180ms
 ✓ Compiled in 216ms
 ✓ Compiled /[id] in 19ms
 ⨯ Error: Event handlers cannot be passed to Client Component props.
  <... variant="outline" size="lg" onClick={function onClick} className=... children=...>
                                           ^^^^^^^^^^^^^^^^^^
If you need interactivity, consider converting part of this to a Client Component.
    at stringify (<anonymous>)
    at stringify (<anonymous>) {
  digest: '1964718802'
}
 ⨯ Error: Event handlers cannot be passed to Client Component props.
  <... variant="outline" size="lg" onClick={function onClick} className=... children=...>
                                           ^^^^^^^^^^^^^^^^^^
If you need interactivity, consider converting part of this to a Client Component.
    at stringify (<anonymous>)
    at stringify (<anonymous>) {
  digest: '1964718802'
}
 GET /terraza-centro 200 in 1464ms
 GET /terraza-centro 200 in 3014ms
 ⨯ Error: Event handlers cannot be passed to Client Component props.
  <... variant="outline" size="lg" onClick={function onClick} className=... children=...>
                                           ^^^^^^^^^^^^^^^^^^
If you need interactivity, consider converting part of this to a Client Component.
    at stringify (<anonymous>)
    at stringify (<anonymous>) {
  digest: '1964718802'
}
 ✓ Compiled /_not-found/page in 15ms
 ⨯ Error: Event handlers cannot be passed to Client Component props.
  <... variant="outline" size="lg" onClick={function onClick} className=... children=...>
                                           ^^^^^^^^^^^^^^^^^^
If you need interactivity, consider converting part of this to a Client Component.
    at stringify (<anonymous>)
    at stringify (<anonymous>) {
  digest: '1964718802'
}
 ⨯ Error: Event handlers cannot be passed to Client Component props.
  <... variant="outline" size="lg" onClick={function onClick} className=... children=...>
                                           ^^^^^^^^^^^^^^^^^^
If you need interactivity, consider converting part of this to a Client Component.
    at stringify (<anonymous>)
    at stringify (<anonymous>) {
  digest: '1964718802'
}
 GET /.well-known/appspecific/com.chrome.devtools.json 500 in 821ms
 ⨯ Error: Event handlers cannot be passed to Client Component props.
  <... variant="outline" size="lg" onClick={function onClick} className=... children=...>
                                           ^^^^^^^^^^^^^^^^^^
If you need interactivity, consider converting part of this to a Client Component.
    at stringify (<anonymous>)
    at stringify (<anonymous>) {
  digest: '1964718802'
}
 ⨯ Error: Event handlers cannot be passed to Client Component props.
  <... variant="outline" size="lg" onClick={function onClick} className=... children=...>
                                           ^^^^^^^^^^^^^^^^^^
If you need interactivity, consider converting part of this to a Client Component.
    at stringify (<anonymous>)
    at stringify (<anonymous>) {
  digest: '1964718802'
}
 GET /_next/internal/helpers.ts 500 in 527ms
 ⨯ Error: Event handlers cannot be passed to Client Component props.
  <... variant="outline" size="lg" onClick={function onClick} className=... children=...>
                                           ^^^^^^^^^^^^^^^^^^
If you need interactivity, consider converting part of this to a Client Component.
    at stringify (<anonymous>)
    at stringify (<anonymous>) {
  digest: '1964718802'
}
 ⨯ Error: Event handlers cannot be passed to Client Component props.
  <... variant="outline" size="lg" onClick={function onClick} className=... children=...>
                                           ^^^^^^^^^^^^^^^^^^
If you need interactivity, consider converting part of this to a Client Component.
    at stringify (<anonymous>)
    at stringify (<anonymous>) {
  digest: '1964718802'
}
 GET /_next/static/runtime.ts 500 in 1022ms
 GET /favicon.ico?favicon.45db1c09.ico 200 in 22ms
 GET /favicon.ico?favicon.45db1c09.ico 200 in 20ms
 ✓ Compiled in 282ms
 ✓ Compiled /[id] in 16ms
 GET /terraza-centro 200 in 306ms
 GET /terraza-centro 200 in 76ms
 GET /terraza-centro 200 in 46ms
 ✓ Compiled /[id] in 14ms
 GET /terraza-centro 200 in 1694ms
 GET /terraza-centro 200 in 2392ms
 ✓ Compiled /_not-found/page in 14ms
 GET /.well-known/appspecific/com.chrome.devtools.json 404 in 347ms
 GET /favicon.ico?favicon.45db1c09.ico 200 in 19ms
 GET /_next/internal/helpers.ts 404 in 54ms
 GET /_next/static/runtime.ts 404 in 76ms
 GET /favicon.ico?favicon.45db1c09.ico 200 in 20ms
 ✓ Compiled /[id] in 384ms
 GET /terraza-centro 200 in 945ms
 GET /terraza-centro 200 in 1288ms
 GET /.well-known/appspecific/com.chrome.devtools.json 404 in 55ms
 GET /_next/internal/helpers.ts 404 in 59ms
 GET /_next/static/runtime.ts 404 in 88ms
 GET /favicon.ico?favicon.45db1c09.ico 200 in 22ms
 GET /favicon.ico?favicon.45db1c09.ico 200 in 22ms
 ✓ Compiled in 119ms
 ✓ Compiled /[id] in 19ms
 GET /terraza-centro 200 in 336ms
 ✓ Compiled in 181ms
 ✓ Compiled in 403ms
 ⨯ ./apps/menu/modules/layout/structured-data/structured-data.tsx:3:1
Export useBranchContext doesn't exist in target module
[0m [90m 1 |[39m [32m'use client'[39m[0m
[0m [90m 2 |[39m[0m
[0m[31m[1m>[22m[39m[90m 3 |[39m [36mimport[39m { useBranchContext } [36mfrom[39m [32m'@/modules/branches/providers/branch.provider'[39m[0m
[0m [90m   |[39m [31m[1m^[22m[39m[31m[1m^[22m[39m[31m[1m^[22m[39m[31m[1m^[22m[39m[31m[1m^[22m[39m[31m[1m^[22m[39m[31m[1m^[22m[39m[31m[1m^[22m[39m[31m[1m^[22m[39m[31m[1m^[22m[39m[31m[1m^[22m[39m[31m[1m^[22m[39m[31m[1m^[22m[39m[31m[1m^[22m[39m[31m[1m^[22m[39m[31m[1m^[22m[39m[31m[1m^[22m[39m[31m[1m^[22m[39m[31m[1m^[22m[39m[31m[1m^[22m[39m[31m[1m^[22m[39m[31m[1m^[22m[39m[31m[1m^[22m[39m[31m[1m^[22m[39m[31m[1m^[22m[39m[31m[1m^[22m[39m[31m[1m^[22m[39m[31m[1m^[22m[39m[31m[1m^[22m[39m[31m[1m^[22m[39m[31m[1m^[22m[39m[31m[1m^[22m[39m[31m[1m^[22m[39m[31m[1m^[22m[39m[31m[1m^[22m[39m[31m[1m^[22m[39m[31m[1m^[22m[39m[31m[1m^[22m[39m[31m[1m^[22m[39m[31m[1m^[22m[39m[31m[1m^[22m[39m[31m[1m^[22m[39m[31m[1m^[22m[39m[31m[1m^[22m[39m[31m[1m^[22m[39m[31m[1m^[22m[39m[31m[1m^[22m[39m[31m[1m^[22m[39m[31m[1m^[22m[39m[31m[1m^[22m[39m[31m[1m^[22m[39m[31m[1m^[22m[39m[31m[1m^[22m[39m[31m[1m^[22m[39m[31m[1m^[22m[39m[31m[1m^[22m[39m[31m[1m^[22m[39m[31m[1m^[22m[39m[31m[1m^[22m[39m[31m[1m^[22m[39m[31m[1m^[22m[39m[31m[1m^[22m[39m[31m[1m^[22m[39m[31m[1m^[22m[39m[31m[1m^[22m[39m[31m[1m^[22m[39m[31m[1m^[22m[39m[31m[1m^[22m[39m[31m[1m^[22m[39m[31m[1m^[22m[39m[31m[1m^[22m[39m[31m[1m^[22m[39m[31m[1m^[22m[39m[31m[1m^[22m[39m[31m[1m^[22m[39m[31m[1m^[22m[39m[31m[1m^[22m[39m[31m[1m^[22m[39m[31m[1m^[22m[39m[0m
[0m [90m 4 |[39m [36mimport[39m [33mScript[39m [36mfrom[39m [32m'next/script'[39m[0m
[0m [90m 5 |[39m[0m
[0m [90m 6 |[39m [36mexport[39m [36mfunction[39m [33mStructuredData[39m() {[0m

The export useBranchContext was not found in module [project]/apps/menu/modules/branches/providers/branch.provider.tsx [app-client] (ecmascript).
Did you mean to import useBranch?
All exports of the module are statically known (It doesn't have dynamic exports). So it's known statically that the requested export doesn't exist.



./apps/menu/modules/layout/structured-data/structured-data.tsx:3:1
Export useBranchContext doesn't exist in target module
[0m [90m 1 |[39m [32m'use client'[39m[0m
[0m [90m 2 |[39m[0m
[0m[31m[1m>[22m[39m[90m 3 |[39m [36mimport[39m { useBranchContext } [36mfrom[39m [32m'@/modules/branches/providers/branch.provider'[39m[0m
[0m [90m   |[39m [31m[1m^[22m[39m[31m[1m^[22m[39m[31m[1m^[22m[39m[31m[1m^[22m[39m[31m[1m^[22m[39m[31m[1m^[22m[39m[31m[1m^[22m[39m[31m[1m^[22m[39m[31m[1m^[22m[39m[31m[1m^[22m[39m[31m[1m^[22m[39m[31m[1m^[22m[39m[31m[1m^[22m[39m[31m[1m^[22m[39m[31m[1m^[22m[39m[31m[1m^[22m[39m[31m[1m^[22m[39m[31m[1m^[22m[39m[31m[1m^[22m[39m[31m[1m^[22m[39m[31m[1m^[22m[39m[31m[1m^[22m[39m[31m[1m^[22m[39m[31m[1m^[22m[39m[31m[1m^[22m[39m[31m[1m^[22m[39m[31m[1m^[22m[39m[31m[1m^[22m[39m[31m[1m^[22m[39m[31m[1m^[22m[39m[31m[1m^[22m[39m[31m[1m^[22m[39m[31m[1m^[22m[39m[31m[1m^[22m[39m[31m[1m^[22m[39m[31m[1m^[22m[39m[31m[1m^[22m[39m[31m[1m^[22m[39m[31m[1m^[22m[39m[31m[1m^[22m[39m[31m[1m^[22m[39m[31m[1m^[22m[39m[31m[1m^[22m[39m[31m[1m^[22m[39m[31m[1m^[22m[39m[31m[1m^[22m[39m[31m[1m^[22m[39m[31m[1m^[22m[39m[31m[1m^[22m[39m[31m[1m^[22m[39m[31m[1m^[22m[39m[31m[1m^[22m[39m[31m[1m^[22m[39m[31m[1m^[22m[39m[31m[1m^[22m[39m[31m[1m^[22m[39m[31m[1m^[22m[39m[31m[1m^[22m[39m[31m[1m^[22m[39m[31m[1m^[22m[39m[31m[1m^[22m[39m[31m[1m^[22m[39m[31m[1m^[22m[39m[31m[1m^[22m[39m[31m[1m^[22m[39m[31m[1m^[22m[39m[31m[1m^[22m[39m[31m[1m^[22m[39m[31m[1m^[22m[39m[31m[1m^[22m[39m[31m[1m^[22m[39m[31m[1m^[22m[39m[31m[1m^[22m[39m[31m[1m^[22m[39m[31m[1m^[22m[39m[31m[1m^[22m[39m[31m[1m^[22m[39m[31m[1m^[22m[39m[31m[1m^[22m[39m[0m
[0m [90m 4 |[39m [36mimport[39m [33mScript[39m [36mfrom[39m [32m'next/script'[39m[0m
[0m [90m 5 |[39m[0m
[0m [90m 6 |[39m [36mexport[39m [36mfunction[39m [33mStructuredData[39m() {[0m

The export useBranchContext was not found in module [project]/apps/menu/modules/branches/providers/branch.provider.tsx [app-ssr] (ecmascript).
Did you mean to import useBranch?
All exports of the module are statically known (It doesn't have dynamic exports). So it's known statically that the requested export doesn't exist.


 ○ Compiling /_error ...
 ✓ Compiled /_error in 1008ms
Warning: useLayoutEffect does nothing on the server, because its effect cannot be encoded into the server renderer's output format. This will lead to a mismatch between the initial, non-hydrated UI and the intended UI. To avoid this, useLayoutEffect should only be used in components that render exclusively on the client. See https://reactjs.org/link/uselayouteffect-ssr for common fixes.
    at ShadowPortal (/home/nicolas/Desktop/Projects/menud-frontend/node_modules/.pnpm/next@15.2.0_react-dom@18.3.1_react@18.3.1__react@18.3.1/node_modules/next/src/client/components/react-dev-overlay/ui/components/shadow-portal.tsx:5:32)
    at DevOverlay (/home/nicolas/Desktop/Projects/menud-frontend/node_modules/.pnpm/next@15.2.0_react-dom@18.3.1_react@18.3.1__react@18.3.1/node_modules/next/src/client/components/react-dev-overlay/ui/dev-overlay.tsx:13:3)
    at ReactDevOverlay (/home/nicolas/Desktop/Projects/menud-frontend/node_modules/.pnpm/next@15.2.0_react-dom@18.3.1_react@18.3.1__react@18.3.1/node_modules/next/src/server/dev/next-dev-server.ts:82:10)
    at div
    at Body (/home/nicolas/Desktop/Projects/menud-frontend/node_modules/.pnpm/next@15.2.0_react-dom@18.3.1_react@18.3.1__react@18.3.1/node_modules/next/src/server/render.tsx:1266:19)
Warning: useLayoutEffect does nothing on the server, because its effect cannot be encoded into the server renderer's output format. This will lead to a mismatch between the initial, non-hydrated UI and the intended UI. To avoid this, useLayoutEffect should only be used in components that render exclusively on the client. See https://reactjs.org/link/uselayouteffect-ssr for common fixes.
    at ShadowPortal (/home/nicolas/Desktop/Projects/menud-frontend/node_modules/.pnpm/next@15.2.0_react-dom@18.3.1_react@18.3.1__react@18.3.1/node_modules/next/src/client/components/react-dev-overlay/ui/components/shadow-portal.tsx:5:32)
    at DevOverlay (/home/nicolas/Desktop/Projects/menud-frontend/node_modules/.pnpm/next@15.2.0_react-dom@18.3.1_react@18.3.1__react@18.3.1/node_modules/next/src/client/components/react-dev-overlay/ui/dev-overlay.tsx:13:3)
    at ReactDevOverlay (/home/nicolas/Desktop/Projects/menud-frontend/node_modules/.pnpm/next@15.2.0_react-dom@18.3.1_react@18.3.1__react@18.3.1/node_modules/next/src/server/dev/next-dev-server.ts:82:10)
    at div
    at Body (/home/nicolas/Desktop/Projects/menud-frontend/node_modules/.pnpm/next@15.2.0_react-dom@18.3.1_react@18.3.1__react@18.3.1/node_modules/next/src/server/render.tsx:1266:19)
 GET /terraza-centro 500 in 1244ms
Warning: useLayoutEffect does nothing on the server, because its effect cannot be encoded into the server renderer's output format. This will lead to a mismatch between the initial, non-hydrated UI and the intended UI. To avoid this, useLayoutEffect should only be used in components that render exclusively on the client. See https://reactjs.org/link/uselayouteffect-ssr for common fixes.
    at ShadowPortal (/home/nicolas/Desktop/Projects/menud-frontend/node_modules/.pnpm/next@15.2.0_react-dom@18.3.1_react@18.3.1__react@18.3.1/node_modules/next/src/client/components/react-dev-overlay/ui/components/shadow-portal.tsx:5:32)
    at DevOverlay (/home/nicolas/Desktop/Projects/menud-frontend/node_modules/.pnpm/next@15.2.0_react-dom@18.3.1_react@18.3.1__react@18.3.1/node_modules/next/src/client/components/react-dev-overlay/ui/dev-overlay.tsx:13:3)
    at ReactDevOverlay (/home/nicolas/Desktop/Projects/menud-frontend/node_modules/.pnpm/next@15.2.0_react-dom@18.3.1_react@18.3.1__react@18.3.1/node_modules/next/src/server/dev/next-dev-server.ts:82:10)
    at div
    at Body (/home/nicolas/Desktop/Projects/menud-frontend/node_modules/.pnpm/next@15.2.0_react-dom@18.3.1_react@18.3.1__react@18.3.1/node_modules/next/src/server/render.tsx:1266:19)
Warning: useLayoutEffect does nothing on the server, because its effect cannot be encoded into the server renderer's output format. This will lead to a mismatch between the initial, non-hydrated UI and the intended UI. To avoid this, useLayoutEffect should only be used in components that render exclusively on the client. See https://reactjs.org/link/uselayouteffect-ssr for common fixes.
    at ShadowPortal (/home/nicolas/Desktop/Projects/menud-frontend/node_modules/.pnpm/next@15.2.0_react-dom@18.3.1_react@18.3.1__react@18.3.1/node_modules/next/src/client/components/react-dev-overlay/ui/components/shadow-portal.tsx:5:32)
    at DevOverlay (/home/nicolas/Desktop/Projects/menud-frontend/node_modules/.pnpm/next@15.2.0_react-dom@18.3.1_react@18.3.1__react@18.3.1/node_modules/next/src/client/components/react-dev-overlay/ui/dev-overlay.tsx:13:3)
    at ReactDevOverlay (/home/nicolas/Desktop/Projects/menud-frontend/node_modules/.pnpm/next@15.2.0_react-dom@18.3.1_react@18.3.1__react@18.3.1/node_modules/next/src/server/dev/next-dev-server.ts:82:10)
    at div
    at Body (/home/nicolas/Desktop/Projects/menud-frontend/node_modules/.pnpm/next@15.2.0_react-dom@18.3.1_react@18.3.1__react@18.3.1/node_modules/next/src/server/render.tsx:1266:19)
 GET /.well-known/appspecific/com.chrome.devtools.json 500 in 53ms
 GET /favicon.ico 500 in 24ms
Warning: useLayoutEffect does nothing on the server, because its effect cannot be encoded into the server renderer's output format. This will lead to a mismatch between the initial, non-hydrated UI and the intended UI. To avoid this, useLayoutEffect should only be used in components that render exclusively on the client. See https://reactjs.org/link/uselayouteffect-ssr for common fixes.
    at ShadowPortal (/home/nicolas/Desktop/Projects/menud-frontend/node_modules/.pnpm/next@15.2.0_react-dom@18.3.1_react@18.3.1__react@18.3.1/node_modules/next/src/client/components/react-dev-overlay/ui/components/shadow-portal.tsx:5:32)
    at DevOverlay (/home/nicolas/Desktop/Projects/menud-frontend/node_modules/.pnpm/next@15.2.0_react-dom@18.3.1_react@18.3.1__react@18.3.1/node_modules/next/src/client/components/react-dev-overlay/ui/dev-overlay.tsx:13:3)
    at ReactDevOverlay (/home/nicolas/Desktop/Projects/menud-frontend/node_modules/.pnpm/next@15.2.0_react-dom@18.3.1_react@18.3.1__react@18.3.1/node_modules/next/src/server/dev/next-dev-server.ts:82:10)
    at div
    at Body (/home/nicolas/Desktop/Projects/menud-frontend/node_modules/.pnpm/next@15.2.0_react-dom@18.3.1_react@18.3.1__react@18.3.1/node_modules/next/src/server/render.tsx:1266:19)
Warning: useLayoutEffect does nothing on the server, because its effect cannot be encoded into the server renderer's output format. This will lead to a mismatch between the initial, non-hydrated UI and the intended UI. To avoid this, useLayoutEffect should only be used in components that render exclusively on the client. See https://reactjs.org/link/uselayouteffect-ssr for common fixes.
    at ShadowPortal (/home/nicolas/Desktop/Projects/menud-frontend/node_modules/.pnpm/next@15.2.0_react-dom@18.3.1_react@18.3.1__react@18.3.1/node_modules/next/src/client/components/react-dev-overlay/ui/components/shadow-portal.tsx:5:32)
    at DevOverlay (/home/nicolas/Desktop/Projects/menud-frontend/node_modules/.pnpm/next@15.2.0_react-dom@18.3.1_react@18.3.1__react@18.3.1/node_modules/next/src/client/components/react-dev-overlay/ui/dev-overlay.tsx:13:3)
    at ReactDevOverlay (/home/nicolas/Desktop/Projects/menud-frontend/node_modules/.pnpm/next@15.2.0_react-dom@18.3.1_react@18.3.1__react@18.3.1/node_modules/next/src/server/dev/next-dev-server.ts:82:10)
    at div
    at Body (/home/nicolas/Desktop/Projects/menud-frontend/node_modules/.pnpm/next@15.2.0_react-dom@18.3.1_react@18.3.1__react@18.3.1/node_modules/next/src/server/render.tsx:1266:19)
 GET /_next/internal/helpers.ts 500 in 75ms
Warning: useLayoutEffect does nothing on the server, because its effect cannot be encoded into the server renderer's output format. This will lead to a mismatch between the initial, non-hydrated UI and the intended UI. To avoid this, useLayoutEffect should only be used in components that render exclusively on the client. See https://reactjs.org/link/uselayouteffect-ssr for common fixes.
    at ShadowPortal (/home/nicolas/Desktop/Projects/menud-frontend/node_modules/.pnpm/next@15.2.0_react-dom@18.3.1_react@18.3.1__react@18.3.1/node_modules/next/src/client/components/react-dev-overlay/ui/components/shadow-portal.tsx:5:32)
    at DevOverlay (/home/nicolas/Desktop/Projects/menud-frontend/node_modules/.pnpm/next@15.2.0_react-dom@18.3.1_react@18.3.1__react@18.3.1/node_modules/next/src/client/components/react-dev-overlay/ui/dev-overlay.tsx:13:3)
    at ReactDevOverlay (/home/nicolas/Desktop/Projects/menud-frontend/node_modules/.pnpm/next@15.2.0_react-dom@18.3.1_react@18.3.1__react@18.3.1/node_modules/next/src/server/dev/next-dev-server.ts:82:10)
    at div
    at Body (/home/nicolas/Desktop/Projects/menud-frontend/node_modules/.pnpm/next@15.2.0_react-dom@18.3.1_react@18.3.1__react@18.3.1/node_modules/next/src/server/render.tsx:1266:19)
Warning: useLayoutEffect does nothing on the server, because its effect cannot be encoded into the server renderer's output format. This will lead to a mismatch between the initial, non-hydrated UI and the intended UI. To avoid this, useLayoutEffect should only be used in components that render exclusively on the client. See https://reactjs.org/link/uselayouteffect-ssr for common fixes.
    at ShadowPortal (/home/nicolas/Desktop/Projects/menud-frontend/node_modules/.pnpm/next@15.2.0_react-dom@18.3.1_react@18.3.1__react@18.3.1/node_modules/next/src/client/components/react-dev-overlay/ui/components/shadow-portal.tsx:5:32)
    at DevOverlay (/home/nicolas/Desktop/Projects/menud-frontend/node_modules/.pnpm/next@15.2.0_react-dom@18.3.1_react@18.3.1__react@18.3.1/node_modules/next/src/client/components/react-dev-overlay/ui/dev-overlay.tsx:13:3)
    at ReactDevOverlay (/home/nicolas/Desktop/Projects/menud-frontend/node_modules/.pnpm/next@15.2.0_react-dom@18.3.1_react@18.3.1__react@18.3.1/node_modules/next/src/server/dev/next-dev-server.ts:82:10)
    at div
    at Body (/home/nicolas/Desktop/Projects/menud-frontend/node_modules/.pnpm/next@15.2.0_react-dom@18.3.1_react@18.3.1__react@18.3.1/node_modules/next/src/server/render.tsx:1266:19)
 GET /_next/static/runtime.ts 500 in 70ms
Warning: useLayoutEffect does nothing on the server, because its effect cannot be encoded into the server renderer's output format. This will lead to a mismatch between the initial, non-hydrated UI and the intended UI. To avoid this, useLayoutEffect should only be used in components that render exclusively on the client. See https://reactjs.org/link/uselayouteffect-ssr for common fixes.
    at ShadowPortal (/home/nicolas/Desktop/Projects/menud-frontend/node_modules/.pnpm/next@15.2.0_react-dom@18.3.1_react@18.3.1__react@18.3.1/node_modules/next/src/client/components/react-dev-overlay/ui/components/shadow-portal.tsx:5:32)
    at DevOverlay (/home/nicolas/Desktop/Projects/menud-frontend/node_modules/.pnpm/next@15.2.0_react-dom@18.3.1_react@18.3.1__react@18.3.1/node_modules/next/src/client/components/react-dev-overlay/ui/dev-overlay.tsx:13:3)
    at ReactDevOverlay (/home/nicolas/Desktop/Projects/menud-frontend/node_modules/.pnpm/next@15.2.0_react-dom@18.3.1_react@18.3.1__react@18.3.1/node_modules/next/src/server/dev/next-dev-server.ts:82:10)
    at div
    at Body (/home/nicolas/Desktop/Projects/menud-frontend/node_modules/.pnpm/next@15.2.0_react-dom@18.3.1_react@18.3.1__react@18.3.1/node_modules/next/src/server/render.tsx:1266:19)
Warning: useLayoutEffect does nothing on the server, because its effect cannot be encoded into the server renderer's output format. This will lead to a mismatch between the initial, non-hydrated UI and the intended UI. To avoid this, useLayoutEffect should only be used in components that render exclusively on the client. See https://reactjs.org/link/uselayouteffect-ssr for common fixes.
    at ShadowPortal (/home/nicolas/Desktop/Projects/menud-frontend/node_modules/.pnpm/next@15.2.0_react-dom@18.3.1_react@18.3.1__react@18.3.1/node_modules/next/src/client/components/react-dev-overlay/ui/components/shadow-portal.tsx:5:32)
    at DevOverlay (/home/nicolas/Desktop/Projects/menud-frontend/node_modules/.pnpm/next@15.2.0_react-dom@18.3.1_react@18.3.1__react@18.3.1/node_modules/next/src/client/components/react-dev-overlay/ui/dev-overlay.tsx:13:3)
    at ReactDevOverlay (/home/nicolas/Desktop/Projects/menud-frontend/node_modules/.pnpm/next@15.2.0_react-dom@18.3.1_react@18.3.1__react@18.3.1/node_modules/next/src/server/dev/next-dev-server.ts:82:10)
    at div
    at Body (/home/nicolas/Desktop/Projects/menud-frontend/node_modules/.pnpm/next@15.2.0_react-dom@18.3.1_react@18.3.1__react@18.3.1/node_modules/next/src/server/render.tsx:1266:19)
 GET /_next/internal/helpers.ts 500 in 40ms
Warning: useLayoutEffect does nothing on the server, because its effect cannot be encoded into the server renderer's output format. This will lead to a mismatch between the initial, non-hydrated UI and the intended UI. To avoid this, useLayoutEffect should only be used in components that render exclusively on the client. See https://reactjs.org/link/uselayouteffect-ssr for common fixes.
    at ShadowPortal (/home/nicolas/Desktop/Projects/menud-frontend/node_modules/.pnpm/next@15.2.0_react-dom@18.3.1_react@18.3.1__react@18.3.1/node_modules/next/src/client/components/react-dev-overlay/ui/components/shadow-portal.tsx:5:32)
    at DevOverlay (/home/nicolas/Desktop/Projects/menud-frontend/node_modules/.pnpm/next@15.2.0_react-dom@18.3.1_react@18.3.1__react@18.3.1/node_modules/next/src/client/components/react-dev-overlay/ui/dev-overlay.tsx:13:3)
    at ReactDevOverlay (/home/nicolas/Desktop/Projects/menud-frontend/node_modules/.pnpm/next@15.2.0_react-dom@18.3.1_react@18.3.1__react@18.3.1/node_modules/next/src/server/dev/next-dev-server.ts:82:10)
    at div
    at Body (/home/nicolas/Desktop/Projects/menud-frontend/node_modules/.pnpm/next@15.2.0_react-dom@18.3.1_react@18.3.1__react@18.3.1/node_modules/next/src/server/render.tsx:1266:19)
Warning: useLayoutEffect does nothing on the server, because its effect cannot be encoded into the server renderer's output format. This will lead to a mismatch between the initial, non-hydrated UI and the intended UI. To avoid this, useLayoutEffect should only be used in components that render exclusively on the client. See https://reactjs.org/link/uselayouteffect-ssr for common fixes.
    at ShadowPortal (/home/nicolas/Desktop/Projects/menud-frontend/node_modules/.pnpm/next@15.2.0_react-dom@18.3.1_react@18.3.1__react@18.3.1/node_modules/next/src/client/components/react-dev-overlay/ui/components/shadow-portal.tsx:5:32)
    at DevOverlay (/home/nicolas/Desktop/Projects/menud-frontend/node_modules/.pnpm/next@15.2.0_react-dom@18.3.1_react@18.3.1__react@18.3.1/node_modules/next/src/client/components/react-dev-overlay/ui/dev-overlay.tsx:13:3)
    at ReactDevOverlay (/home/nicolas/Desktop/Projects/menud-frontend/node_modules/.pnpm/next@15.2.0_react-dom@18.3.1_react@18.3.1__react@18.3.1/node_modules/next/src/server/dev/next-dev-server.ts:82:10)
    at div
    at Body (/home/nicolas/Desktop/Projects/menud-frontend/node_modules/.pnpm/next@15.2.0_react-dom@18.3.1_react@18.3.1__react@18.3.1/node_modules/next/src/server/render.tsx:1266:19)
 GET /_next/static/runtime.ts 500 in 41ms
 ✓ Compiled in 70ms
 ⨯ ./apps/menu/modules/layout/structured-data/structured-data.tsx:3:1
Export useBranchContext doesn't exist in target module
[0m [90m 1 |[39m [32m'use client'[39m[0m
[0m [90m 2 |[39m[0m
[0m[31m[1m>[22m[39m[90m 3 |[39m [36mimport[39m { useBranchContext } [36mfrom[39m [32m'@/modules/branches/providers/branch.provider'[39m[0m
[0m [90m   |[39m [31m[1m^[22m[39m[31m[1m^[22m[39m[31m[1m^[22m[39m[31m[1m^[22m[39m[31m[1m^[22m[39m[31m[1m^[22m[39m[31m[1m^[22m[39m[31m[1m^[22m[39m[31m[1m^[22m[39m[31m[1m^[22m[39m[31m[1m^[22m[39m[31m[1m^[22m[39m[31m[1m^[22m[39m[31m[1m^[22m[39m[31m[1m^[22m[39m[31m[1m^[22m[39m[31m[1m^[22m[39m[31m[1m^[22m[39m[31m[1m^[22m[39m[31m[1m^[22m[39m[31m[1m^[22m[39m[31m[1m^[22m[39m[31m[1m^[22m[39m[31m[1m^[22m[39m[31m[1m^[22m[39m[31m[1m^[22m[39m[31m[1m^[22m[39m[31m[1m^[22m[39m[31m[1m^[22m[39m[31m[1m^[22m[39m[31m[1m^[22m[39m[31m[1m^[22m[39m[31m[1m^[22m[39m[31m[1m^[22m[39m[31m[1m^[22m[39m[31m[1m^[22m[39m[31m[1m^[22m[39m[31m[1m^[22m[39m[31m[1m^[22m[39m[31m[1m^[22m[39m[31m[1m^[22m[39m[31m[1m^[22m[39m[31m[1m^[22m[39m[31m[1m^[22m[39m[31m[1m^[22m[39m[31m[1m^[22m[39m[31m[1m^[22m[39m[31m[1m^[22m[39m[31m[1m^[22m[39m[31m[1m^[22m[39m[31m[1m^[22m[39m[31m[1m^[22m[39m[31m[1m^[22m[39m[31m[1m^[22m[39m[31m[1m^[22m[39m[31m[1m^[22m[39m[31m[1m^[22m[39m[31m[1m^[22m[39m[31m[1m^[22m[39m[31m[1m^[22m[39m[31m[1m^[22m[39m[31m[1m^[22m[39m[31m[1m^[22m[39m[31m[1m^[22m[39m[31m[1m^[22m[39m[31m[1m^[22m[39m[31m[1m^[22m[39m[31m[1m^[22m[39m[31m[1m^[22m[39m[31m[1m^[22m[39m[31m[1m^[22m[39m[31m[1m^[22m[39m[31m[1m^[22m[39m[31m[1m^[22m[39m[31m[1m^[22m[39m[31m[1m^[22m[39m[31m[1m^[22m[39m[31m[1m^[22m[39m[31m[1m^[22m[39m[0m
[0m [90m 4 |[39m [36mimport[39m [33mScript[39m [36mfrom[39m [32m'next/script'[39m[0m
[0m [90m 5 |[39m[0m
[0m [90m 6 |[39m [36mexport[39m [36mfunction[39m [33mStructuredData[39m() {[0m

The export useBranchContext was not found in module [project]/apps/menu/modules/branches/providers/branch.provider.tsx [app-client] (ecmascript).
Did you mean to import useBranch?
All exports of the module are statically known (It doesn't have dynamic exports). So it's known statically that the requested export doesn't exist.



./apps/menu/modules/layout/structured-data/structured-data.tsx:3:1
Export useBranchContext doesn't exist in target module
[0m [90m 1 |[39m [32m'use client'[39m[0m
[0m [90m 2 |[39m[0m
[0m[31m[1m>[22m[39m[90m 3 |[39m [36mimport[39m { useBranchContext } [36mfrom[39m [32m'@/modules/branches/providers/branch.provider'[39m[0m
[0m [90m   |[39m [31m[1m^[22m[39m[31m[1m^[22m[39m[31m[1m^[22m[39m[31m[1m^[22m[39m[31m[1m^[22m[39m[31m[1m^[22m[39m[31m[1m^[22m[39m[31m[1m^[22m[39m[31m[1m^[22m[39m[31m[1m^[22m[39m[31m[1m^[22m[39m[31m[1m^[22m[39m[31m[1m^[22m[39m[31m[1m^[22m[39m[31m[1m^[22m[39m[31m[1m^[22m[39m[31m[1m^[22m[39m[31m[1m^[22m[39m[31m[1m^[22m[39m[31m[1m^[22m[39m[31m[1m^[22m[39m[31m[1m^[22m[39m[31m[1m^[22m[39m[31m[1m^[22m[39m[31m[1m^[22m[39m[31m[1m^[22m[39m[31m[1m^[22m[39m[31m[1m^[22m[39m[31m[1m^[22m[39m[31m[1m^[22m[39m[31m[1m^[22m[39m[31m[1m^[22m[39m[31m[1m^[22m[39m[31m[1m^[22m[39m[31m[1m^[22m[39m[31m[1m^[22m[39m[31m[1m^[22m[39m[31m[1m^[22m[39m[31m[1m^[22m[39m[31m[1m^[22m[39m[31m[1m^[22m[39m[31m[1m^[22m[39m[31m[1m^[22m[39m[31m[1m^[22m[39m[31m[1m^[22m[39m[31m[1m^[22m[39m[31m[1m^[22m[39m[31m[1m^[22m[39m[31m[1m^[22m[39m[31m[1m^[22m[39m[31m[1m^[22m[39m[31m[1m^[22m[39m[31m[1m^[22m[39m[31m[1m^[22m[39m[31m[1m^[22m[39m[31m[1m^[22m[39m[31m[1m^[22m[39m[31m[1m^[22m[39m[31m[1m^[22m[39m[31m[1m^[22m[39m[31m[1m^[22m[39m[31m[1m^[22m[39m[31m[1m^[22m[39m[31m[1m^[22m[39m[31m[1m^[22m[39m[31m[1m^[22m[39m[31m[1m^[22m[39m[31m[1m^[22m[39m[31m[1m^[22m[39m[31m[1m^[22m[39m[31m[1m^[22m[39m[31m[1m^[22m[39m[31m[1m^[22m[39m[31m[1m^[22m[39m[31m[1m^[22m[39m[31m[1m^[22m[39m[31m[1m^[22m[39m[31m[1m^[22m[39m[31m[1m^[22m[39m[0m
[0m [90m 4 |[39m [36mimport[39m [33mScript[39m [36mfrom[39m [32m'next/script'[39m[0m
[0m [90m 5 |[39m[0m
[0m [90m 6 |[39m [36mexport[39m [36mfunction[39m [33mStructuredData[39m() {[0m

The export useBranchContext was not found in module [project]/apps/menu/modules/branches/providers/branch.provider.tsx [app-ssr] (ecmascript).
Did you mean to import useBranch?
All exports of the module are statically known (It doesn't have dynamic exports). So it's known statically that the requested export doesn't exist.


Warning: useLayoutEffect does nothing on the server, because its effect cannot be encoded into the server renderer's output format. This will lead to a mismatch between the initial, non-hydrated UI and the intended UI. To avoid this, useLayoutEffect should only be used in components that render exclusively on the client. See https://reactjs.org/link/uselayouteffect-ssr for common fixes.
    at ShadowPortal (/home/nicolas/Desktop/Projects/menud-frontend/node_modules/.pnpm/next@15.2.0_react-dom@18.3.1_react@18.3.1__react@18.3.1/node_modules/next/src/client/components/react-dev-overlay/ui/components/shadow-portal.tsx:5:32)
    at DevOverlay (/home/nicolas/Desktop/Projects/menud-frontend/node_modules/.pnpm/next@15.2.0_react-dom@18.3.1_react@18.3.1__react@18.3.1/node_modules/next/src/client/components/react-dev-overlay/ui/dev-overlay.tsx:13:3)
    at ReactDevOverlay (/home/nicolas/Desktop/Projects/menud-frontend/node_modules/.pnpm/next@15.2.0_react-dom@18.3.1_react@18.3.1__react@18.3.1/node_modules/next/src/server/dev/next-dev-server.ts:82:10)
    at div
    at Body (/home/nicolas/Desktop/Projects/menud-frontend/node_modules/.pnpm/next@15.2.0_react-dom@18.3.1_react@18.3.1__react@18.3.1/node_modules/next/src/server/render.tsx:1266:19)
Warning: useLayoutEffect does nothing on the server, because its effect cannot be encoded into the server renderer's output format. This will lead to a mismatch between the initial, non-hydrated UI and the intended UI. To avoid this, useLayoutEffect should only be used in components that render exclusively on the client. See https://reactjs.org/link/uselayouteffect-ssr for common fixes.
    at ShadowPortal (/home/nicolas/Desktop/Projects/menud-frontend/node_modules/.pnpm/next@15.2.0_react-dom@18.3.1_react@18.3.1__react@18.3.1/node_modules/next/src/client/components/react-dev-overlay/ui/components/shadow-portal.tsx:5:32)
    at DevOverlay (/home/nicolas/Desktop/Projects/menud-frontend/node_modules/.pnpm/next@15.2.0_react-dom@18.3.1_react@18.3.1__react@18.3.1/node_modules/next/src/client/components/react-dev-overlay/ui/dev-overlay.tsx:13:3)
    at ReactDevOverlay (/home/nicolas/Desktop/Projects/menud-frontend/node_modules/.pnpm/next@15.2.0_react-dom@18.3.1_react@18.3.1__react@18.3.1/node_modules/next/src/server/dev/next-dev-server.ts:82:10)
    at div
    at Body (/home/nicolas/Desktop/Projects/menud-frontend/node_modules/.pnpm/next@15.2.0_react-dom@18.3.1_react@18.3.1__react@18.3.1/node_modules/next/src/server/render.tsx:1266:19)
 GET /terraza-centro 500 in 38ms
Warning: useLayoutEffect does nothing on the server, because its effect cannot be encoded into the server renderer's output format. This will lead to a mismatch between the initial, non-hydrated UI and the intended UI. To avoid this, useLayoutEffect should only be used in components that render exclusively on the client. See https://reactjs.org/link/uselayouteffect-ssr for common fixes.
    at ShadowPortal (/home/nicolas/Desktop/Projects/menud-frontend/node_modules/.pnpm/next@15.2.0_react-dom@18.3.1_react@18.3.1__react@18.3.1/node_modules/next/src/client/components/react-dev-overlay/ui/components/shadow-portal.tsx:5:32)
    at DevOverlay (/home/nicolas/Desktop/Projects/menud-frontend/node_modules/.pnpm/next@15.2.0_react-dom@18.3.1_react@18.3.1__react@18.3.1/node_modules/next/src/client/components/react-dev-overlay/ui/dev-overlay.tsx:13:3)
    at ReactDevOverlay (/home/nicolas/Desktop/Projects/menud-frontend/node_modules/.pnpm/next@15.2.0_react-dom@18.3.1_react@18.3.1__react@18.3.1/node_modules/next/src/server/dev/next-dev-server.ts:82:10)
    at div
    at Body (/home/nicolas/Desktop/Projects/menud-frontend/node_modules/.pnpm/next@15.2.0_react-dom@18.3.1_react@18.3.1__react@18.3.1/node_modules/next/src/server/render.tsx:1266:19)
Warning: useLayoutEffect does nothing on the server, because its effect cannot be encoded into the server renderer's output format. This will lead to a mismatch between the initial, non-hydrated UI and the intended UI. To avoid this, useLayoutEffect should only be used in components that render exclusively on the client. See https://reactjs.org/link/uselayouteffect-ssr for common fixes.
    at ShadowPortal (/home/nicolas/Desktop/Projects/menud-frontend/node_modules/.pnpm/next@15.2.0_react-dom@18.3.1_react@18.3.1__react@18.3.1/node_modules/next/src/client/components/react-dev-overlay/ui/components/shadow-portal.tsx:5:32)
    at DevOverlay (/home/nicolas/Desktop/Projects/menud-frontend/node_modules/.pnpm/next@15.2.0_react-dom@18.3.1_react@18.3.1__react@18.3.1/node_modules/next/src/client/components/react-dev-overlay/ui/dev-overlay.tsx:13:3)
    at ReactDevOverlay (/home/nicolas/Desktop/Projects/menud-frontend/node_modules/.pnpm/next@15.2.0_react-dom@18.3.1_react@18.3.1__react@18.3.1/node_modules/next/src/server/dev/next-dev-server.ts:82:10)
    at div
    at Body (/home/nicolas/Desktop/Projects/menud-frontend/node_modules/.pnpm/next@15.2.0_react-dom@18.3.1_react@18.3.1__react@18.3.1/node_modules/next/src/server/render.tsx:1266:19)
 GET /.well-known/appspecific/com.chrome.devtools.json 500 in 36ms
 GET /favicon.ico 500 in 27ms
Warning: useLayoutEffect does nothing on the server, because its effect cannot be encoded into the server renderer's output format. This will lead to a mismatch between the initial, non-hydrated UI and the intended UI. To avoid this, useLayoutEffect should only be used in components that render exclusively on the client. See https://reactjs.org/link/uselayouteffect-ssr for common fixes.
    at ShadowPortal (/home/nicolas/Desktop/Projects/menud-frontend/node_modules/.pnpm/next@15.2.0_react-dom@18.3.1_react@18.3.1__react@18.3.1/node_modules/next/src/client/components/react-dev-overlay/ui/components/shadow-portal.tsx:5:32)
    at DevOverlay (/home/nicolas/Desktop/Projects/menud-frontend/node_modules/.pnpm/next@15.2.0_react-dom@18.3.1_react@18.3.1__react@18.3.1/node_modules/next/src/client/components/react-dev-overlay/ui/dev-overlay.tsx:13:3)
    at ReactDevOverlay (/home/nicolas/Desktop/Projects/menud-frontend/node_modules/.pnpm/next@15.2.0_react-dom@18.3.1_react@18.3.1__react@18.3.1/node_modules/next/src/server/dev/next-dev-server.ts:82:10)
    at div
    at Body (/home/nicolas/Desktop/Projects/menud-frontend/node_modules/.pnpm/next@15.2.0_react-dom@18.3.1_react@18.3.1__react@18.3.1/node_modules/next/src/server/render.tsx:1266:19)
Warning: useLayoutEffect does nothing on the server, because its effect cannot be encoded into the server renderer's output format. This will lead to a mismatch between the initial, non-hydrated UI and the intended UI. To avoid this, useLayoutEffect should only be used in components that render exclusively on the client. See https://reactjs.org/link/uselayouteffect-ssr for common fixes.
    at ShadowPortal (/home/nicolas/Desktop/Projects/menud-frontend/node_modules/.pnpm/next@15.2.0_react-dom@18.3.1_react@18.3.1__react@18.3.1/node_modules/next/src/client/components/react-dev-overlay/ui/components/shadow-portal.tsx:5:32)
    at DevOverlay (/home/nicolas/Desktop/Projects/menud-frontend/node_modules/.pnpm/next@15.2.0_react-dom@18.3.1_react@18.3.1__react@18.3.1/node_modules/next/src/client/components/react-dev-overlay/ui/dev-overlay.tsx:13:3)
    at ReactDevOverlay (/home/nicolas/Desktop/Projects/menud-frontend/node_modules/.pnpm/next@15.2.0_react-dom@18.3.1_react@18.3.1__react@18.3.1/node_modules/next/src/server/dev/next-dev-server.ts:82:10)
    at div
    at Body (/home/nicolas/Desktop/Projects/menud-frontend/node_modules/.pnpm/next@15.2.0_react-dom@18.3.1_react@18.3.1__react@18.3.1/node_modules/next/src/server/render.tsx:1266:19)
Warning: useLayoutEffect does nothing on the server, because its effect cannot be encoded into the server renderer's output format. This will lead to a mismatch between the initial, non-hydrated UI and the intended UI. To avoid this, useLayoutEffect should only be used in components that render exclusively on the client. See https://reactjs.org/link/uselayouteffect-ssr for common fixes.
    at ShadowPortal (/home/nicolas/Desktop/Projects/menud-frontend/node_modules/.pnpm/next@15.2.0_react-dom@18.3.1_react@18.3.1__react@18.3.1/node_modules/next/src/client/components/react-dev-overlay/ui/components/shadow-portal.tsx:5:32)
    at DevOverlay (/home/nicolas/Desktop/Projects/menud-frontend/node_modules/.pnpm/next@15.2.0_react-dom@18.3.1_react@18.3.1__react@18.3.1/node_modules/next/src/client/components/react-dev-overlay/ui/dev-overlay.tsx:13:3)
    at ReactDevOverlay (/home/nicolas/Desktop/Projects/menud-frontend/node_modules/.pnpm/next@15.2.0_react-dom@18.3.1_react@18.3.1__react@18.3.1/node_modules/next/src/server/dev/next-dev-server.ts:82:10)
    at div
    at Body (/home/nicolas/Desktop/Projects/menud-frontend/node_modules/.pnpm/next@15.2.0_react-dom@18.3.1_react@18.3.1__react@18.3.1/node_modules/next/src/server/render.tsx:1266:19)
Warning: useLayoutEffect does nothing on the server, because its effect cannot be encoded into the server renderer's output format. This will lead to a mismatch between the initial, non-hydrated UI and the intended UI. To avoid this, useLayoutEffect should only be used in components that render exclusively on the client. See https://reactjs.org/link/uselayouteffect-ssr for common fixes.
    at ShadowPortal (/home/nicolas/Desktop/Projects/menud-frontend/node_modules/.pnpm/next@15.2.0_react-dom@18.3.1_react@18.3.1__react@18.3.1/node_modules/next/src/client/components/react-dev-overlay/ui/components/shadow-portal.tsx:5:32)
    at DevOverlay (/home/nicolas/Desktop/Projects/menud-frontend/node_modules/.pnpm/next@15.2.0_react-dom@18.3.1_react@18.3.1__react@18.3.1/node_modules/next/src/client/components/react-dev-overlay/ui/dev-overlay.tsx:13:3)
    at ReactDevOverlay (/home/nicolas/Desktop/Projects/menud-frontend/node_modules/.pnpm/next@15.2.0_react-dom@18.3.1_react@18.3.1__react@18.3.1/node_modules/next/src/server/dev/next-dev-server.ts:82:10)
    at div
    at Body (/home/nicolas/Desktop/Projects/menud-frontend/node_modules/.pnpm/next@15.2.0_react-dom@18.3.1_react@18.3.1__react@18.3.1/node_modules/next/src/server/render.tsx:1266:19)
 GET /_next/static/runtime.ts 500 in 49ms
 GET /_next/internal/helpers.ts 500 in 55ms
Warning: useLayoutEffect does nothing on the server, because its effect cannot be encoded into the server renderer's output format. This will lead to a mismatch between the initial, non-hydrated UI and the intended UI. To avoid this, useLayoutEffect should only be used in components that render exclusively on the client. See https://reactjs.org/link/uselayouteffect-ssr for common fixes.
    at ShadowPortal (/home/nicolas/Desktop/Projects/menud-frontend/node_modules/.pnpm/next@15.2.0_react-dom@18.3.1_react@18.3.1__react@18.3.1/node_modules/next/src/client/components/react-dev-overlay/ui/components/shadow-portal.tsx:5:32)
    at DevOverlay (/home/nicolas/Desktop/Projects/menud-frontend/node_modules/.pnpm/next@15.2.0_react-dom@18.3.1_react@18.3.1__react@18.3.1/node_modules/next/src/client/components/react-dev-overlay/ui/dev-overlay.tsx:13:3)
    at ReactDevOverlay (/home/nicolas/Desktop/Projects/menud-frontend/node_modules/.pnpm/next@15.2.0_react-dom@18.3.1_react@18.3.1__react@18.3.1/node_modules/next/src/server/dev/next-dev-server.ts:82:10)
    at div
    at Body (/home/nicolas/Desktop/Projects/menud-frontend/node_modules/.pnpm/next@15.2.0_react-dom@18.3.1_react@18.3.1__react@18.3.1/node_modules/next/src/server/render.tsx:1266:19)
Warning: useLayoutEffect does nothing on the server, because its effect cannot be encoded into the server renderer's output format. This will lead to a mismatch between the initial, non-hydrated UI and the intended UI. To avoid this, useLayoutEffect should only be used in components that render exclusively on the client. See https://reactjs.org/link/uselayouteffect-ssr for common fixes.
    at ShadowPortal (/home/nicolas/Desktop/Projects/menud-frontend/node_modules/.pnpm/next@15.2.0_react-dom@18.3.1_react@18.3.1__react@18.3.1/node_modules/next/src/client/components/react-dev-overlay/ui/components/shadow-portal.tsx:5:32)
    at DevOverlay (/home/nicolas/Desktop/Projects/menud-frontend/node_modules/.pnpm/next@15.2.0_react-dom@18.3.1_react@18.3.1__react@18.3.1/node_modules/next/src/client/components/react-dev-overlay/ui/dev-overlay.tsx:13:3)
    at ReactDevOverlay (/home/nicolas/Desktop/Projects/menud-frontend/node_modules/.pnpm/next@15.2.0_react-dom@18.3.1_react@18.3.1__react@18.3.1/node_modules/next/src/server/dev/next-dev-server.ts:82:10)
    at div
    at Body (/home/nicolas/Desktop/Projects/menud-frontend/node_modules/.pnpm/next@15.2.0_react-dom@18.3.1_react@18.3.1__react@18.3.1/node_modules/next/src/server/render.tsx:1266:19)
 GET /_next/internal/helpers.ts 500 in 41ms
Warning: useLayoutEffect does nothing on the server, because its effect cannot be encoded into the server renderer's output format. This will lead to a mismatch between the initial, non-hydrated UI and the intended UI. To avoid this, useLayoutEffect should only be used in components that render exclusively on the client. See https://reactjs.org/link/uselayouteffect-ssr for common fixes.
    at ShadowPortal (/home/nicolas/Desktop/Projects/menud-frontend/node_modules/.pnpm/next@15.2.0_react-dom@18.3.1_react@18.3.1__react@18.3.1/node_modules/next/src/client/components/react-dev-overlay/ui/components/shadow-portal.tsx:5:32)
    at DevOverlay (/home/nicolas/Desktop/Projects/menud-frontend/node_modules/.pnpm/next@15.2.0_react-dom@18.3.1_react@18.3.1__react@18.3.1/node_modules/next/src/client/components/react-dev-overlay/ui/dev-overlay.tsx:13:3)
    at ReactDevOverlay (/home/nicolas/Desktop/Projects/menud-frontend/node_modules/.pnpm/next@15.2.0_react-dom@18.3.1_react@18.3.1__react@18.3.1/node_modules/next/src/server/dev/next-dev-server.ts:82:10)
    at div
    at Body (/home/nicolas/Desktop/Projects/menud-frontend/node_modules/.pnpm/next@15.2.0_react-dom@18.3.1_react@18.3.1__react@18.3.1/node_modules/next/src/server/render.tsx:1266:19)
Warning: useLayoutEffect does nothing on the server, because its effect cannot be encoded into the server renderer's output format. This will lead to a mismatch between the initial, non-hydrated UI and the intended UI. To avoid this, useLayoutEffect should only be used in components that render exclusively on the client. See https://reactjs.org/link/uselayouteffect-ssr for common fixes.
    at ShadowPortal (/home/nicolas/Desktop/Projects/menud-frontend/node_modules/.pnpm/next@15.2.0_react-dom@18.3.1_react@18.3.1__react@18.3.1/node_modules/next/src/client/components/react-dev-overlay/ui/components/shadow-portal.tsx:5:32)
    at DevOverlay (/home/nicolas/Desktop/Projects/menud-frontend/node_modules/.pnpm/next@15.2.0_react-dom@18.3.1_react@18.3.1__react@18.3.1/node_modules/next/src/client/components/react-dev-overlay/ui/dev-overlay.tsx:13:3)
    at ReactDevOverlay (/home/nicolas/Desktop/Projects/menud-frontend/node_modules/.pnpm/next@15.2.0_react-dom@18.3.1_react@18.3.1__react@18.3.1/node_modules/next/src/server/dev/next-dev-server.ts:82:10)
    at div
    at Body (/home/nicolas/Desktop/Projects/menud-frontend/node_modules/.pnpm/next@15.2.0_react-dom@18.3.1_react@18.3.1__react@18.3.1/node_modules/next/src/server/render.tsx:1266:19)
 GET /_next/static/runtime.ts 500 in 39ms
 ✓ Compiled in 186ms
 ✓ Compiled /[id] in 25ms
 ⨯ Error [TypeError]: Cannot read properties of undefined (reading 'name')
    at Module.generateMetadata (app/(app)/[id]/layout.tsx:46:45)
    at JSON.parse (<anonymous>)
    at JSON.parse (<anonymous>)
  44 |
  45 |   const { menu, business, branch } = data
> 46 |   const menuName = `${business.name}${branch.name ? ` - ${branch.name}` : ''}`
     |                                             ^
  47 |   const description =
  48 |     menu.description || `Explorá el menú digital de ${menuName}. Descubrí nuestros productos, precios y categorías.`
  49 | {
  environmentName: 'Server',
  digest: '559515743'
}
 GET /terraza-centro 200 in 1074ms
 GET /.well-known/appspecific/com.chrome.devtools.json 404 in 70ms
 GET /_next/internal/helpers.ts 404 in 68ms
 GET /_next/static/runtime.ts 404 in 90ms
 GET /favicon.ico 200 in 45ms
 ✓ Compiled in 149ms
 ✓ Compiled /[id] in 22ms
 ⚠ Unsupported metadata viewport is configured in metadata export in /terraza-centro. Please move it to viewport export instead.
Read more: https://nextjs.org/docs/app/api-reference/functions/generate-viewport
 GET /terraza-centro 200 in 333ms
 ✓ Compiled in 166ms
 ✓ Compiled /[id] in 33ms
 GET /terraza-centro 200 in 379ms
 GET /terraza-centro 200 in 585ms
 GET /.well-known/appspecific/com.chrome.devtools.json 404 in 70ms
 GET /_next/internal/helpers.ts 404 in 71ms
 GET /favicon.ico?favicon.45db1c09.ico 200 in 71ms
 GET /_next/static/runtime.ts 404 in 101ms
 GET /favicon.ico?favicon.45db1c09.ico 200 in 23ms
 GET /icon-192.png 307 in 211ms
 ✓ Compiled / in 141ms
 GET / 200 in 527ms
 ✓ Compiled in 313ms
 ⨯ ./apps/menu/app/(app)/[id]/layout.tsx:15:32
Ecmascript file had an error
[0m [90m 13 |[39m[0m
[0m [90m 14 |[39m [90m// Lazy load FavoriteProductsDrawer since it's not needed for initial render[39m[0m
[0m[31m[1m>[22m[39m[90m 15 |[39m [36mconst[39m [33mFavoriteProductsDrawer[39m [33m=[39m dynamic([0m
[0m [90m    |[39m                                [31m[1m^[22m[39m[31m[1m^[22m[39m[31m[1m^[22m[39m[31m[1m^[22m[39m[31m[1m^[22m[39m[31m[1m^[22m[39m[31m[1m^[22m[39m[31m[1m^[22m[39m[0m
[0m[31m[1m>[22m[39m[90m 16 |[39m   () [33m=>[39m [36mimport[39m([32m'@/modules/products/components/drawer/favorite-products-drawer'[39m)[33m.[39mthen((mod) [33m=>[39m mod[33m.[39m[33mFavoriteProductsDrawer[39m)[33m,[39m[0m
[0m [90m    |[39m [31m[1m^[22m[39m[31m[1m^[22m[39m[31m[1m^[22m[39m[31m[1m^[22m[39m[31m[1m^[22m[39m[31m[1m^[22m[39m[31m[1m^[22m[39m[31m[1m^[22m[39m[31m[1m^[22m[39m[31m[1m^[22m[39m[31m[1m^[22m[39m[31m[1m^[22m[39m[31m[1m^[22m[39m[31m[1m^[22m[39m[31m[1m^[22m[39m[31m[1m^[22m[39m[31m[1m^[22m[39m[31m[1m^[22m[39m[31m[1m^[22m[39m[31m[1m^[22m[39m[31m[1m^[22m[39m[31m[1m^[22m[39m[31m[1m^[22m[39m[31m[1m^[22m[39m[31m[1m^[22m[39m[31m[1m^[22m[39m[31m[1m^[22m[39m[31m[1m^[22m[39m[31m[1m^[22m[39m[31m[1m^[22m[39m[31m[1m^[22m[39m[31m[1m^[22m[39m[31m[1m^[22m[39m[31m[1m^[22m[39m[31m[1m^[22m[39m[31m[1m^[22m[39m[31m[1m^[22m[39m[31m[1m^[22m[39m[31m[1m^[22m[39m[31m[1m^[22m[39m[31m[1m^[22m[39m[31m[1m^[22m[39m[31m[1m^[22m[39m[31m[1m^[22m[39m[31m[1m^[22m[39m[31m[1m^[22m[39m[31m[1m^[22m[39m[31m[1m^[22m[39m[31m[1m^[22m[39m[31m[1m^[22m[39m[31m[1m^[22m[39m[31m[1m^[22m[39m[31m[1m^[22m[39m[31m[1m^[22m[39m[31m[1m^[22m[39m[31m[1m^[22m[39m[31m[1m^[22m[39m[31m[1m^[22m[39m[31m[1m^[22m[39m[31m[1m^[22m[39m[31m[1m^[22m[39m[31m[1m^[22m[39m[31m[1m^[22m[39m[31m[1m^[22m[39m[31m[1m^[22m[39m[31m[1m^[22m[39m[31m[1m^[22m[39m[31m[1m^[22m[39m[31m[1m^[22m[39m[31m[1m^[22m[39m[31m[1m^[22m[39m[31m[1m^[22m[39m[31m[1m^[22m[39m[31m[1m^[22m[39m[31m[1m^[22m[39m[31m[1m^[22m[39m[31m[1m^[22m[39m[31m[1m^[22m[39m[31m[1m^[22m[39m[31m[1m^[22m[39m[31m[1m^[22m[39m[31m[1m^[22m[39m[31m[1m^[22m[39m[31m[1m^[22m[39m[31m[1m^[22m[39m[31m[1m^[22m[39m[31m[1m^[22m[39m[31m[1m^[22m[39m[31m[1m^[22m[39m[31m[1m^[22m[39m[31m[1m^[22m[39m[31m[1m^[22m[39m[31m[1m^[22m[39m[31m[1m^[22m[39m[31m[1m^[22m[39m[31m[1m^[22m[39m[31m[1m^[22m[39m[31m[1m^[22m[39m[31m[1m^[22m[39m[31m[1m^[22m[39m[31m[1m^[22m[39m[31m[1m^[22m[39m[31m[1m^[22m[39m[31m[1m^[22m[39m[31m[1m^[22m[39m[31m[1m^[22m[39m[31m[1m^[22m[39m[31m[1m^[22m[39m[31m[1m^[22m[39m[31m[1m^[22m[39m[31m[1m^[22m[39m[31m[1m^[22m[39m[31m[1m^[22m[39m[31m[1m^[22m[39m[31m[1m^[22m[39m[31m[1m^[22m[39m[31m[1m^[22m[39m[31m[1m^[22m[39m[31m[1m^[22m[39m[31m[1m^[22m[39m[31m[1m^[22m[39m[31m[1m^[22m[39m[0m
[0m[31m[1m>[22m[39m[90m 17 |[39m   {[0m
[0m [90m    |[39m [31m[1m^[22m[39m[31m[1m^[22m[39m[31m[1m^[22m[39m[31m[1m^[22m[39m[31m[1m^[22m[39m[31m[1m^[22m[39m[31m[1m^[22m[39m[31m[1m^[22m[39m[31m[1m^[22m[39m[31m[1m^[22m[39m[31m[1m^[22m[39m[31m[1m^[22m[39m[31m[1m^[22m[39m[31m[1m^[22m[39m[31m[1m^[22m[39m[31m[1m^[22m[39m[31m[1m^[22m[39m[31m[1m^[22m[39m[31m[1m^[22m[39m[31m[1m^[22m[39m[31m[1m^[22m[39m[31m[1m^[22m[39m[31m[1m^[22m[39m[31m[1m^[22m[39m[31m[1m^[22m[39m[31m[1m^[22m[39m[31m[1m^[22m[39m[31m[1m^[22m[39m[31m[1m^[22m[39m[31m[1m^[22m[39m[31m[1m^[22m[39m[31m[1m^[22m[39m[31m[1m^[22m[39m[31m[1m^[22m[39m[31m[1m^[22m[39m[31m[1m^[22m[39m[31m[1m^[22m[39m[31m[1m^[22m[39m[31m[1m^[22m[39m[31m[1m^[22m[39m[31m[1m^[22m[39m[31m[1m^[22m[39m[31m[1m^[22m[39m[31m[1m^[22m[39m[31m[1m^[22m[39m[31m[1m^[22m[39m[31m[1m^[22m[39m[31m[1m^[22m[39m[31m[1m^[22m[39m[31m[1m^[22m[39m[31m[1m^[22m[39m[31m[1m^[22m[39m[31m[1m^[22m[39m[31m[1m^[22m[39m[31m[1m^[22m[39m[31m[1m^[22m[39m[31m[1m^[22m[39m[31m[1m^[22m[39m[31m[1m^[22m[39m[31m[1m^[22m[39m[31m[1m^[22m[39m[31m[1m^[22m[39m[31m[1m^[22m[39m[31m[1m^[22m[39m[31m[1m^[22m[39m[31m[1m^[22m[39m[31m[1m^[22m[39m[31m[1m^[22m[39m[31m[1m^[22m[39m[31m[1m^[22m[39m[31m[1m^[22m[39m[31m[1m^[22m[39m[31m[1m^[22m[39m[31m[1m^[22m[39m[31m[1m^[22m[39m[31m[1m^[22m[39m[31m[1m^[22m[39m[31m[1m^[22m[39m[31m[1m^[22m[39m[31m[1m^[22m[39m[31m[1m^[22m[39m[31m[1m^[22m[39m[31m[1m^[22m[39m[31m[1m^[22m[39m[31m[1m^[22m[39m[31m[1m^[22m[39m[31m[1m^[22m[39m[31m[1m^[22m[39m[31m[1m^[22m[39m[31m[1m^[22m[39m[31m[1m^[22m[39m[31m[1m^[22m[39m[31m[1m^[22m[39m[31m[1m^[22m[39m[31m[1m^[22m[39m[31m[1m^[22m[39m[31m[1m^[22m[39m[31m[1m^[22m[39m[31m[1m^[22m[39m[31m[1m^[22m[39m[31m[1m^[22m[39m[31m[1m^[22m[39m[31m[1m^[22m[39m[31m[1m^[22m[39m[31m[1m^[22m[39m[31m[1m^[22m[39m[31m[1m^[22m[39m[31m[1m^[22m[39m[31m[1m^[22m[39m[31m[1m^[22m[39m[31m[1m^[22m[39m[31m[1m^[22m[39m[31m[1m^[22m[39m[31m[1m^[22m[39m[31m[1m^[22m[39m[31m[1m^[22m[39m[31m[1m^[22m[39m[31m[1m^[22m[39m[31m[1m^[22m[39m[31m[1m^[22m[39m[31m[1m^[22m[39m[31m[1m^[22m[39m[0m
[0m[31m[1m>[22m[39m[90m 18 |[39m     ssr[33m:[39m [36mfalse[39m[33m,[39m[0m
[0m [90m    |[39m [31m[1m^[22m[39m[31m[1m^[22m[39m[31m[1m^[22m[39m[31m[1m^[22m[39m[31m[1m^[22m[39m[31m[1m^[22m[39m[31m[1m^[22m[39m[31m[1m^[22m[39m[31m[1m^[22m[39m[31m[1m^[22m[39m[31m[1m^[22m[39m[31m[1m^[22m[39m[31m[1m^[22m[39m[31m[1m^[22m[39m[31m[1m^[22m[39m[31m[1m^[22m[39m[31m[1m^[22m[39m[31m[1m^[22m[39m[31m[1m^[22m[39m[31m[1m^[22m[39m[31m[1m^[22m[39m[31m[1m^[22m[39m[31m[1m^[22m[39m[31m[1m^[22m[39m[31m[1m^[22m[39m[31m[1m^[22m[39m[31m[1m^[22m[39m[31m[1m^[22m[39m[31m[1m^[22m[39m[31m[1m^[22m[39m[31m[1m^[22m[39m[31m[1m^[22m[39m[31m[1m^[22m[39m[31m[1m^[22m[39m[31m[1m^[22m[39m[31m[1m^[22m[39m[31m[1m^[22m[39m[31m[1m^[22m[39m[31m[1m^[22m[39m[31m[1m^[22m[39m[31m[1m^[22m[39m[31m[1m^[22m[39m[31m[1m^[22m[39m[31m[1m^[22m[39m[31m[1m^[22m[39m[31m[1m^[22m[39m[31m[1m^[22m[39m[31m[1m^[22m[39m[31m[1m^[22m[39m[31m[1m^[22m[39m[31m[1m^[22m[39m[31m[1m^[22m[39m[31m[1m^[22m[39m[31m[1m^[22m[39m[31m[1m^[22m[39m[31m[1m^[22m[39m[31m[1m^[22m[39m[31m[1m^[22m[39m[31m[1m^[22m[39m[31m[1m^[22m[39m[31m[1m^[22m[39m[31m[1m^[22m[39m[31m[1m^[22m[39m[31m[1m^[22m[39m[31m[1m^[22m[39m[31m[1m^[22m[39m[31m[1m^[22m[39m[31m[1m^[22m[39m[31m[1m^[22m[39m[31m[1m^[22m[39m[31m[1m^[22m[39m[31m[1m^[22m[39m[31m[1m^[22m[39m[31m[1m^[22m[39m[31m[1m^[22m[39m[31m[1m^[22m[39m[31m[1m^[22m[39m[31m[1m^[22m[39m[31m[1m^[22m[39m[31m[1m^[22m[39m[31m[1m^[22m[39m[31m[1m^[22m[39m[31m[1m^[22m[39m[31m[1m^[22m[39m[31m[1m^[22m[39m[31m[1m^[22m[39m[31m[1m^[22m[39m[31m[1m^[22m[39m[31m[1m^[22m[39m[31m[1m^[22m[39m[31m[1m^[22m[39m[31m[1m^[22m[39m[31m[1m^[22m[39m[31m[1m^[22m[39m[31m[1m^[22m[39m[31m[1m^[22m[39m[31m[1m^[22m[39m[31m[1m^[22m[39m[31m[1m^[22m[39m[31m[1m^[22m[39m[31m[1m^[22m[39m[31m[1m^[22m[39m[31m[1m^[22m[39m[31m[1m^[22m[39m[31m[1m^[22m[39m[31m[1m^[22m[39m[31m[1m^[22m[39m[31m[1m^[22m[39m[31m[1m^[22m[39m[31m[1m^[22m[39m[31m[1m^[22m[39m[31m[1m^[22m[39m[31m[1m^[22m[39m[31m[1m^[22m[39m[31m[1m^[22m[39m[31m[1m^[22m[39m[31m[1m^[22m[39m[31m[1m^[22m[39m[31m[1m^[22m[39m[31m[1m^[22m[39m[31m[1m^[22m[39m[31m[1m^[22m[39m[0m
[0m[31m[1m>[22m[39m[90m 19 |[39m     loading[33m:[39m () [33m=>[39m [36mnull[39m[0m
[0m [90m    |[39m [31m[1m^[22m[39m[31m[1m^[22m[39m[31m[1m^[22m[39m[31m[1m^[22m[39m[31m[1m^[22m[39m[31m[1m^[22m[39m[31m[1m^[22m[39m[31m[1m^[22m[39m[31m[1m^[22m[39m[31m[1m^[22m[39m[31m[1m^[22m[39m[31m[1m^[22m[39m[31m[1m^[22m[39m[31m[1m^[22m[39m[31m[1m^[22m[39m[31m[1m^[22m[39m[31m[1m^[22m[39m[31m[1m^[22m[39m[31m[1m^[22m[39m[31m[1m^[22m[39m[31m[1m^[22m[39m[31m[1m^[22m[39m[31m[1m^[22m[39m[31m[1m^[22m[39m[31m[1m^[22m[39m[31m[1m^[22m[39m[31m[1m^[22m[39m[31m[1m^[22m[39m[31m[1m^[22m[39m[31m[1m^[22m[39m[31m[1m^[22m[39m[31m[1m^[22m[39m[31m[1m^[22m[39m[31m[1m^[22m[39m[31m[1m^[22m[39m[31m[1m^[22m[39m[31m[1m^[22m[39m[31m[1m^[22m[39m[31m[1m^[22m[39m[31m[1m^[22m[39m[31m[1m^[22m[39m[31m[1m^[22m[39m[31m[1m^[22m[39m[31m[1m^[22m[39m[31m[1m^[22m[39m[31m[1m^[22m[39m[31m[1m^[22m[39m[31m[1m^[22m[39m[31m[1m^[22m[39m[31m[1m^[22m[39m[31m[1m^[22m[39m[31m[1m^[22m[39m[31m[1m^[22m[39m[31m[1m^[22m[39m[31m[1m^[22m[39m[31m[1m^[22m[39m[31m[1m^[22m[39m[31m[1m^[22m[39m[31m[1m^[22m[39m[31m[1m^[22m[39m[31m[1m^[22m[39m[31m[1m^[22m[39m[31m[1m^[22m[39m[31m[1m^[22m[39m[31m[1m^[22m[39m[31m[1m^[22m[39m[31m[1m^[22m[39m[31m[1m^[22m[39m[31m[1m^[22m[39m[31m[1m^[22m[39m[31m[1m^[22m[39m[31m[1m^[22m[39m[31m[1m^[22m[39m[31m[1m^[22m[39m[31m[1m^[22m[39m[31m[1m^[22m[39m[31m[1m^[22m[39m[31m[1m^[22m[39m[31m[1m^[22m[39m[31m[1m^[22m[39m[31m[1m^[22m[39m[31m[1m^[22m[39m[31m[1m^[22m[39m[31m[1m^[22m[39m[31m[1m^[22m[39m[31m[1m^[22m[39m[31m[1m^[22m[39m[31m[1m^[22m[39m[31m[1m^[22m[39m[31m[1m^[22m[39m[31m[1m^[22m[39m[31m[1m^[22m[39m[31m[1m^[22m[39m[31m[1m^[22m[39m[31m[1m^[22m[39m[31m[1m^[22m[39m[31m[1m^[22m[39m[31m[1m^[22m[39m[31m[1m^[22m[39m[31m[1m^[22m[39m[31m[1m^[22m[39m[31m[1m^[22m[39m[31m[1m^[22m[39m[31m[1m^[22m[39m[31m[1m^[22m[39m[31m[1m^[22m[39m[31m[1m^[22m[39m[31m[1m^[22m[39m[31m[1m^[22m[39m[31m[1m^[22m[39m[31m[1m^[22m[39m[31m[1m^[22m[39m[31m[1m^[22m[39m[31m[1m^[22m[39m[31m[1m^[22m[39m[31m[1m^[22m[39m[31m[1m^[22m[39m[31m[1m^[22m[39m[31m[1m^[22m[39m[31m[1m^[22m[39m[31m[1m^[22m[39m[31m[1m^[22m[39m[0m
[0m[31m[1m>[22m[39m[90m 20 |[39m   }[0m
[0m [90m    |[39m [31m[1m^[22m[39m[31m[1m^[22m[39m[31m[1m^[22m[39m[31m[1m^[22m[39m[31m[1m^[22m[39m[31m[1m^[22m[39m[31m[1m^[22m[39m[31m[1m^[22m[39m[31m[1m^[22m[39m[31m[1m^[22m[39m[31m[1m^[22m[39m[31m[1m^[22m[39m[31m[1m^[22m[39m[31m[1m^[22m[39m[31m[1m^[22m[39m[31m[1m^[22m[39m[31m[1m^[22m[39m[31m[1m^[22m[39m[31m[1m^[22m[39m[31m[1m^[22m[39m[31m[1m^[22m[39m[31m[1m^[22m[39m[31m[1m^[22m[39m[31m[1m^[22m[39m[31m[1m^[22m[39m[31m[1m^[22m[39m[31m[1m^[22m[39m[31m[1m^[22m[39m[31m[1m^[22m[39m[31m[1m^[22m[39m[31m[1m^[22m[39m[31m[1m^[22m[39m[31m[1m^[22m[39m[31m[1m^[22m[39m[31m[1m^[22m[39m[31m[1m^[22m[39m[31m[1m^[22m[39m[31m[1m^[22m[39m[31m[1m^[22m[39m[31m[1m^[22m[39m[31m[1m^[22m[39m[31m[1m^[22m[39m[31m[1m^[22m[39m[31m[1m^[22m[39m[31m[1m^[22m[39m[31m[1m^[22m[39m[31m[1m^[22m[39m[31m[1m^[22m[39m[31m[1m^[22m[39m[31m[1m^[22m[39m[31m[1m^[22m[39m[31m[1m^[22m[39m[31m[1m^[22m[39m[31m[1m^[22m[39m[31m[1m^[22m[39m[31m[1m^[22m[39m[31m[1m^[22m[39m[31m[1m^[22m[39m[31m[1m^[22m[39m[31m[1m^[22m[39m[31m[1m^[22m[39m[31m[1m^[22m[39m[31m[1m^[22m[39m[31m[1m^[22m[39m[31m[1m^[22m[39m[31m[1m^[22m[39m[31m[1m^[22m[39m[31m[1m^[22m[39m[31m[1m^[22m[39m[31m[1m^[22m[39m[31m[1m^[22m[39m[31m[1m^[22m[39m[31m[1m^[22m[39m[31m[1m^[22m[39m[31m[1m^[22m[39m[31m[1m^[22m[39m[31m[1m^[22m[39m[31m[1m^[22m[39m[31m[1m^[22m[39m[31m[1m^[22m[39m[31m[1m^[22m[39m[31m[1m^[22m[39m[31m[1m^[22m[39m[31m[1m^[22m[39m[31m[1m^[22m[39m[31m[1m^[22m[39m[31m[1m^[22m[39m[31m[1m^[22m[39m[31m[1m^[22m[39m[31m[1m^[22m[39m[31m[1m^[22m[39m[31m[1m^[22m[39m[31m[1m^[22m[39m[31m[1m^[22m[39m[31m[1m^[22m[39m[31m[1m^[22m[39m[31m[1m^[22m[39m[31m[1m^[22m[39m[31m[1m^[22m[39m[31m[1m^[22m[39m[31m[1m^[22m[39m[31m[1m^[22m[39m[31m[1m^[22m[39m[31m[1m^[22m[39m[31m[1m^[22m[39m[31m[1m^[22m[39m[31m[1m^[22m[39m[31m[1m^[22m[39m[31m[1m^[22m[39m[31m[1m^[22m[39m[31m[1m^[22m[39m[31m[1m^[22m[39m[31m[1m^[22m[39m[31m[1m^[22m[39m[31m[1m^[22m[39m[31m[1m^[22m[39m[31m[1m^[22m[39m[31m[1m^[22m[39m[31m[1m^[22m[39m[31m[1m^[22m[39m[31m[1m^[22m[39m[31m[1m^[22m[39m[0m
[0m[31m[1m>[22m[39m[90m 21 |[39m )[0m
[0m [90m    |[39m [31m[1m^[22m[39m[31m[1m^[22m[39m[0m
[0m [90m 22 |[39m[0m
[0m [90m 23 |[39m [36mexport[39m [36masync[39m [36mfunction[39m generateStaticParams() {[0m
[0m [90m 24 |[39m   [36mconst[39m { data[33m,[39m error } [33m=[39m [36mawait[39m getBranchSlugs()[0m

`ssr: false` is not allowed with `next/dynamic` in Server Components. Please move it into a client component.


Warning: useLayoutEffect does nothing on the server, because its effect cannot be encoded into the server renderer's output format. This will lead to a mismatch between the initial, non-hydrated UI and the intended UI. To avoid this, useLayoutEffect should only be used in components that render exclusively on the client. See https://reactjs.org/link/uselayouteffect-ssr for common fixes.
    at ShadowPortal (/home/nicolas/Desktop/Projects/menud-frontend/node_modules/.pnpm/next@15.2.0_react-dom@18.3.1_react@18.3.1__react@18.3.1/node_modules/next/src/client/components/react-dev-overlay/ui/components/shadow-portal.tsx:5:32)
    at DevOverlay (/home/nicolas/Desktop/Projects/menud-frontend/node_modules/.pnpm/next@15.2.0_react-dom@18.3.1_react@18.3.1__react@18.3.1/node_modules/next/src/client/components/react-dev-overlay/ui/dev-overlay.tsx:13:3)
    at ReactDevOverlay (/home/nicolas/Desktop/Projects/menud-frontend/node_modules/.pnpm/next@15.2.0_react-dom@18.3.1_react@18.3.1__react@18.3.1/node_modules/next/src/server/dev/next-dev-server.ts:82:10)
    at div
    at Body (/home/nicolas/Desktop/Projects/menud-frontend/node_modules/.pnpm/next@15.2.0_react-dom@18.3.1_react@18.3.1__react@18.3.1/node_modules/next/src/server/render.tsx:1266:19)
Warning: useLayoutEffect does nothing on the server, because its effect cannot be encoded into the server renderer's output format. This will lead to a mismatch between the initial, non-hydrated UI and the intended UI. To avoid this, useLayoutEffect should only be used in components that render exclusively on the client. See https://reactjs.org/link/uselayouteffect-ssr for common fixes.
    at ShadowPortal (/home/nicolas/Desktop/Projects/menud-frontend/node_modules/.pnpm/next@15.2.0_react-dom@18.3.1_react@18.3.1__react@18.3.1/node_modules/next/src/client/components/react-dev-overlay/ui/components/shadow-portal.tsx:5:32)
    at DevOverlay (/home/nicolas/Desktop/Projects/menud-frontend/node_modules/.pnpm/next@15.2.0_react-dom@18.3.1_react@18.3.1__react@18.3.1/node_modules/next/src/client/components/react-dev-overlay/ui/dev-overlay.tsx:13:3)
    at ReactDevOverlay (/home/nicolas/Desktop/Projects/menud-frontend/node_modules/.pnpm/next@15.2.0_react-dom@18.3.1_react@18.3.1__react@18.3.1/node_modules/next/src/server/dev/next-dev-server.ts:82:10)
    at div
    at Body (/home/nicolas/Desktop/Projects/menud-frontend/node_modules/.pnpm/next@15.2.0_react-dom@18.3.1_react@18.3.1__react@18.3.1/node_modules/next/src/server/render.tsx:1266:19)
 GET /terraza-centro 500 in 58ms
Warning: useLayoutEffect does nothing on the server, because its effect cannot be encoded into the server renderer's output format. This will lead to a mismatch between the initial, non-hydrated UI and the intended UI. To avoid this, useLayoutEffect should only be used in components that render exclusively on the client. See https://reactjs.org/link/uselayouteffect-ssr for common fixes.
    at ShadowPortal (/home/nicolas/Desktop/Projects/menud-frontend/node_modules/.pnpm/next@15.2.0_react-dom@18.3.1_react@18.3.1__react@18.3.1/node_modules/next/src/client/components/react-dev-overlay/ui/components/shadow-portal.tsx:5:32)
    at DevOverlay (/home/nicolas/Desktop/Projects/menud-frontend/node_modules/.pnpm/next@15.2.0_react-dom@18.3.1_react@18.3.1__react@18.3.1/node_modules/next/src/client/components/react-dev-overlay/ui/dev-overlay.tsx:13:3)
    at ReactDevOverlay (/home/nicolas/Desktop/Projects/menud-frontend/node_modules/.pnpm/next@15.2.0_react-dom@18.3.1_react@18.3.1__react@18.3.1/node_modules/next/src/server/dev/next-dev-server.ts:82:10)
    at div
    at Body (/home/nicolas/Desktop/Projects/menud-frontend/node_modules/.pnpm/next@15.2.0_react-dom@18.3.1_react@18.3.1__react@18.3.1/node_modules/next/src/server/render.tsx:1266:19)
Warning: useLayoutEffect does nothing on the server, because its effect cannot be encoded into the server renderer's output format. This will lead to a mismatch between the initial, non-hydrated UI and the intended UI. To avoid this, useLayoutEffect should only be used in components that render exclusively on the client. See https://reactjs.org/link/uselayouteffect-ssr for common fixes.
    at ShadowPortal (/home/nicolas/Desktop/Projects/menud-frontend/node_modules/.pnpm/next@15.2.0_react-dom@18.3.1_react@18.3.1__react@18.3.1/node_modules/next/src/client/components/react-dev-overlay/ui/components/shadow-portal.tsx:5:32)
    at DevOverlay (/home/nicolas/Desktop/Projects/menud-frontend/node_modules/.pnpm/next@15.2.0_react-dom@18.3.1_react@18.3.1__react@18.3.1/node_modules/next/src/client/components/react-dev-overlay/ui/dev-overlay.tsx:13:3)
    at ReactDevOverlay (/home/nicolas/Desktop/Projects/menud-frontend/node_modules/.pnpm/next@15.2.0_react-dom@18.3.1_react@18.3.1__react@18.3.1/node_modules/next/src/server/dev/next-dev-server.ts:82:10)
    at div
    at Body (/home/nicolas/Desktop/Projects/menud-frontend/node_modules/.pnpm/next@15.2.0_react-dom@18.3.1_react@18.3.1__react@18.3.1/node_modules/next/src/server/render.tsx:1266:19)
 GET /.well-known/appspecific/com.chrome.devtools.json 500 in 49ms
 GET /favicon.ico 500 in 27ms
Warning: useLayoutEffect does nothing on the server, because its effect cannot be encoded into the server renderer's output format. This will lead to a mismatch between the initial, non-hydrated UI and the intended UI. To avoid this, useLayoutEffect should only be used in components that render exclusively on the client. See https://reactjs.org/link/uselayouteffect-ssr for common fixes.
    at ShadowPortal (/home/nicolas/Desktop/Projects/menud-frontend/node_modules/.pnpm/next@15.2.0_react-dom@18.3.1_react@18.3.1__react@18.3.1/node_modules/next/src/client/components/react-dev-overlay/ui/components/shadow-portal.tsx:5:32)
    at DevOverlay (/home/nicolas/Desktop/Projects/menud-frontend/node_modules/.pnpm/next@15.2.0_react-dom@18.3.1_react@18.3.1__react@18.3.1/node_modules/next/src/client/components/react-dev-overlay/ui/dev-overlay.tsx:13:3)
    at ReactDevOverlay (/home/nicolas/Desktop/Projects/menud-frontend/node_modules/.pnpm/next@15.2.0_react-dom@18.3.1_react@18.3.1__react@18.3.1/node_modules/next/src/server/dev/next-dev-server.ts:82:10)
    at div
    at Body (/home/nicolas/Desktop/Projects/menud-frontend/node_modules/.pnpm/next@15.2.0_react-dom@18.3.1_react@18.3.1__react@18.3.1/node_modules/next/src/server/render.tsx:1266:19)
Warning: useLayoutEffect does nothing on the server, because its effect cannot be encoded into the server renderer's output format. This will lead to a mismatch between the initial, non-hydrated UI and the intended UI. To avoid this, useLayoutEffect should only be used in components that render exclusively on the client. See https://reactjs.org/link/uselayouteffect-ssr for common fixes.
    at ShadowPortal (/home/nicolas/Desktop/Projects/menud-frontend/node_modules/.pnpm/next@15.2.0_react-dom@18.3.1_react@18.3.1__react@18.3.1/node_modules/next/src/client/components/react-dev-overlay/ui/components/shadow-portal.tsx:5:32)
    at DevOverlay (/home/nicolas/Desktop/Projects/menud-frontend/node_modules/.pnpm/next@15.2.0_react-dom@18.3.1_react@18.3.1__react@18.3.1/node_modules/next/src/client/components/react-dev-overlay/ui/dev-overlay.tsx:13:3)
    at ReactDevOverlay (/home/nicolas/Desktop/Projects/menud-frontend/node_modules/.pnpm/next@15.2.0_react-dom@18.3.1_react@18.3.1__react@18.3.1/node_modules/next/src/server/dev/next-dev-server.ts:82:10)
    at div
    at Body (/home/nicolas/Desktop/Projects/menud-frontend/node_modules/.pnpm/next@15.2.0_react-dom@18.3.1_react@18.3.1__react@18.3.1/node_modules/next/src/server/render.tsx:1266:19)
 GET /_next/internal/helpers.ts 500 in 34ms
Warning: useLayoutEffect does nothing on the server, because its effect cannot be encoded into the server renderer's output format. This will lead to a mismatch between the initial, non-hydrated UI and the intended UI. To avoid this, useLayoutEffect should only be used in components that render exclusively on the client. See https://reactjs.org/link/uselayouteffect-ssr for common fixes.
    at ShadowPortal (/home/nicolas/Desktop/Projects/menud-frontend/node_modules/.pnpm/next@15.2.0_react-dom@18.3.1_react@18.3.1__react@18.3.1/node_modules/next/src/client/components/react-dev-overlay/ui/components/shadow-portal.tsx:5:32)
    at DevOverlay (/home/nicolas/Desktop/Projects/menud-frontend/node_modules/.pnpm/next@15.2.0_react-dom@18.3.1_react@18.3.1__react@18.3.1/node_modules/next/src/client/components/react-dev-overlay/ui/dev-overlay.tsx:13:3)
    at ReactDevOverlay (/home/nicolas/Desktop/Projects/menud-frontend/node_modules/.pnpm/next@15.2.0_react-dom@18.3.1_react@18.3.1__react@18.3.1/node_modules/next/src/server/dev/next-dev-server.ts:82:10)
    at div
    at Body (/home/nicolas/Desktop/Projects/menud-frontend/node_modules/.pnpm/next@15.2.0_react-dom@18.3.1_react@18.3.1__react@18.3.1/node_modules/next/src/server/render.tsx:1266:19)
Warning: useLayoutEffect does nothing on the server, because its effect cannot be encoded into the server renderer's output format. This will lead to a mismatch between the initial, non-hydrated UI and the intended UI. To avoid this, useLayoutEffect should only be used in components that render exclusively on the client. See https://reactjs.org/link/uselayouteffect-ssr for common fixes.
    at ShadowPortal (/home/nicolas/Desktop/Projects/menud-frontend/node_modules/.pnpm/next@15.2.0_react-dom@18.3.1_react@18.3.1__react@18.3.1/node_modules/next/src/client/components/react-dev-overlay/ui/components/shadow-portal.tsx:5:32)
    at DevOverlay (/home/nicolas/Desktop/Projects/menud-frontend/node_modules/.pnpm/next@15.2.0_react-dom@18.3.1_react@18.3.1__react@18.3.1/node_modules/next/src/client/components/react-dev-overlay/ui/dev-overlay.tsx:13:3)
    at ReactDevOverlay (/home/nicolas/Desktop/Projects/menud-frontend/node_modules/.pnpm/next@15.2.0_react-dom@18.3.1_react@18.3.1__react@18.3.1/node_modules/next/src/server/dev/next-dev-server.ts:82:10)
    at div
    at Body (/home/nicolas/Desktop/Projects/menud-frontend/node_modules/.pnpm/next@15.2.0_react-dom@18.3.1_react@18.3.1__react@18.3.1/node_modules/next/src/server/render.tsx:1266:19)
 GET /_next/static/runtime.ts 500 in 36ms
Warning: useLayoutEffect does nothing on the server, because its effect cannot be encoded into the server renderer's output format. This will lead to a mismatch between the initial, non-hydrated UI and the intended UI. To avoid this, useLayoutEffect should only be used in components that render exclusively on the client. See https://reactjs.org/link/uselayouteffect-ssr for common fixes.
    at ShadowPortal (/home/nicolas/Desktop/Projects/menud-frontend/node_modules/.pnpm/next@15.2.0_react-dom@18.3.1_react@18.3.1__react@18.3.1/node_modules/next/src/client/components/react-dev-overlay/ui/components/shadow-portal.tsx:5:32)
    at DevOverlay (/home/nicolas/Desktop/Projects/menud-frontend/node_modules/.pnpm/next@15.2.0_react-dom@18.3.1_react@18.3.1__react@18.3.1/node_modules/next/src/client/components/react-dev-overlay/ui/dev-overlay.tsx:13:3)
    at ReactDevOverlay (/home/nicolas/Desktop/Projects/menud-frontend/node_modules/.pnpm/next@15.2.0_react-dom@18.3.1_react@18.3.1__react@18.3.1/node_modules/next/src/server/dev/next-dev-server.ts:82:10)
    at div
    at Body (/home/nicolas/Desktop/Projects/menud-frontend/node_modules/.pnpm/next@15.2.0_react-dom@18.3.1_react@18.3.1__react@18.3.1/node_modules/next/src/server/render.tsx:1266:19)
Warning: useLayoutEffect does nothing on the server, because its effect cannot be encoded into the server renderer's output format. This will lead to a mismatch between the initial, non-hydrated UI and the intended UI. To avoid this, useLayoutEffect should only be used in components that render exclusively on the client. See https://reactjs.org/link/uselayouteffect-ssr for common fixes.
    at ShadowPortal (/home/nicolas/Desktop/Projects/menud-frontend/node_modules/.pnpm/next@15.2.0_react-dom@18.3.1_react@18.3.1__react@18.3.1/node_modules/next/src/client/components/react-dev-overlay/ui/components/shadow-portal.tsx:5:32)
    at DevOverlay (/home/nicolas/Desktop/Projects/menud-frontend/node_modules/.pnpm/next@15.2.0_react-dom@18.3.1_react@18.3.1__react@18.3.1/node_modules/next/src/client/components/react-dev-overlay/ui/dev-overlay.tsx:13:3)
    at ReactDevOverlay (/home/nicolas/Desktop/Projects/menud-frontend/node_modules/.pnpm/next@15.2.0_react-dom@18.3.1_react@18.3.1__react@18.3.1/node_modules/next/src/server/dev/next-dev-server.ts:82:10)
    at div
    at Body (/home/nicolas/Desktop/Projects/menud-frontend/node_modules/.pnpm/next@15.2.0_react-dom@18.3.1_react@18.3.1__react@18.3.1/node_modules/next/src/server/render.tsx:1266:19)
 GET /_next/internal/helpers.ts 500 in 40ms
 ⚠ Found a change in next.config.mjs. Restarting the server to apply the changes...
   ▲ Next.js 15.2.0 (Turbopack)
   - Local:        http://localhost:5000
   - Network:      http://192.168.2.25:5000
   - Environments: .env
   - Experiments (use with caution):
     ✓ webpackBuildWorker

 ✓ Starting...
 ✓ Ready in 1168ms
 ○ Compiling /[id] ...
 ✓ Compiled /[id] in 3.1s
 ⨯ ./apps/menu/app/(app)/[id]/layout.tsx:15:32
Ecmascript file had an error
[0m [90m 13 |[39m[0m
[0m [90m 14 |[39m [90m// Lazy load FavoriteProductsDrawer since it's not needed for initial render[39m[0m
[0m[31m[1m>[22m[39m[90m 15 |[39m [36mconst[39m [33mFavoriteProductsDrawer[39m [33m=[39m dynamic([0m
[0m [90m    |[39m                                [31m[1m^[22m[39m[31m[1m^[22m[39m[31m[1m^[22m[39m[31m[1m^[22m[39m[31m[1m^[22m[39m[31m[1m^[22m[39m[31m[1m^[22m[39m[31m[1m^[22m[39m[0m
[0m[31m[1m>[22m[39m[90m 16 |[39m   () [33m=>[39m [36mimport[39m([32m'@/modules/products/components/drawer/favorite-products-drawer'[39m)[33m.[39mthen((mod) [33m=>[39m mod[33m.[39m[33mFavoriteProductsDrawer[39m)[33m,[39m[0m
[0m [90m    |[39m [31m[1m^[22m[39m[31m[1m^[22m[39m[31m[1m^[22m[39m[31m[1m^[22m[39m[31m[1m^[22m[39m[31m[1m^[22m[39m[31m[1m^[22m[39m[31m[1m^[22m[39m[31m[1m^[22m[39m[31m[1m^[22m[39m[31m[1m^[22m[39m[31m[1m^[22m[39m[31m[1m^[22m[39m[31m[1m^[22m[39m[31m[1m^[22m[39m[31m[1m^[22m[39m[31m[1m^[22m[39m[31m[1m^[22m[39m[31m[1m^[22m[39m[31m[1m^[22m[39m[31m[1m^[22m[39m[31m[1m^[22m[39m[31m[1m^[22m[39m[31m[1m^[22m[39m[31m[1m^[22m[39m[31m[1m^[22m[39m[31m[1m^[22m[39m[31m[1m^[22m[39m[31m[1m^[22m[39m[31m[1m^[22m[39m[31m[1m^[22m[39m[31m[1m^[22m[39m[31m[1m^[22m[39m[31m[1m^[22m[39m[31m[1m^[22m[39m[31m[1m^[22m[39m[31m[1m^[22m[39m[31m[1m^[22m[39m[31m[1m^[22m[39m[31m[1m^[22m[39m[31m[1m^[22m[39m[31m[1m^[22m[39m[31m[1m^[22m[39m[31m[1m^[22m[39m[31m[1m^[22m[39m[31m[1m^[22m[39m[31m[1m^[22m[39m[31m[1m^[22m[39m[31m[1m^[22m[39m[31m[1m^[22m[39m[31m[1m^[22m[39m[31m[1m^[22m[39m[31m[1m^[22m[39m[31m[1m^[22m[39m[31m[1m^[22m[39m[31m[1m^[22m[39m[31m[1m^[22m[39m[31m[1m^[22m[39m[31m[1m^[22m[39m[31m[1m^[22m[39m[31m[1m^[22m[39m[31m[1m^[22m[39m[31m[1m^[22m[39m[31m[1m^[22m[39m[31m[1m^[22m[39m[31m[1m^[22m[39m[31m[1m^[22m[39m[31m[1m^[22m[39m[31m[1m^[22m[39m[31m[1m^[22m[39m[31m[1m^[22m[39m[31m[1m^[22m[39m[31m[1m^[22m[39m[31m[1m^[22m[39m[31m[1m^[22m[39m[31m[1m^[22m[39m[31m[1m^[22m[39m[31m[1m^[22m[39m[31m[1m^[22m[39m[31m[1m^[22m[39m[31m[1m^[22m[39m[31m[1m^[22m[39m[31m[1m^[22m[39m[31m[1m^[22m[39m[31m[1m^[22m[39m[31m[1m^[22m[39m[31m[1m^[22m[39m[31m[1m^[22m[39m[31m[1m^[22m[39m[31m[1m^[22m[39m[31m[1m^[22m[39m[31m[1m^[22m[39m[31m[1m^[22m[39m[31m[1m^[22m[39m[31m[1m^[22m[39m[31m[1m^[22m[39m[31m[1m^[22m[39m[31m[1m^[22m[39m[31m[1m^[22m[39m[31m[1m^[22m[39m[31m[1m^[22m[39m[31m[1m^[22m[39m[31m[1m^[22m[39m[31m[1m^[22m[39m[31m[1m^[22m[39m[31m[1m^[22m[39m[31m[1m^[22m[39m[31m[1m^[22m[39m[31m[1m^[22m[39m[31m[1m^[22m[39m[31m[1m^[22m[39m[31m[1m^[22m[39m[31m[1m^[22m[39m[31m[1m^[22m[39m[31m[1m^[22m[39m[31m[1m^[22m[39m[31m[1m^[22m[39m[31m[1m^[22m[39m[31m[1m^[22m[39m[31m[1m^[22m[39m[31m[1m^[22m[39m[31m[1m^[22m[39m[0m
[0m[31m[1m>[22m[39m[90m 17 |[39m   {[0m
[0m [90m    |[39m [31m[1m^[22m[39m[31m[1m^[22m[39m[31m[1m^[22m[39m[31m[1m^[22m[39m[31m[1m^[22m[39m[31m[1m^[22m[39m[31m[1m^[22m[39m[31m[1m^[22m[39m[31m[1m^[22m[39m[31m[1m^[22m[39m[31m[1m^[22m[39m[31m[1m^[22m[39m[31m[1m^[22m[39m[31m[1m^[22m[39m[31m[1m^[22m[39m[31m[1m^[22m[39m[31m[1m^[22m[39m[31m[1m^[22m[39m[31m[1m^[22m[39m[31m[1m^[22m[39m[31m[1m^[22m[39m[31m[1m^[22m[39m[31m[1m^[22m[39m[31m[1m^[22m[39m[31m[1m^[22m[39m[31m[1m^[22m[39m[31m[1m^[22m[39m[31m[1m^[22m[39m[31m[1m^[22m[39m[31m[1m^[22m[39m[31m[1m^[22m[39m[31m[1m^[22m[39m[31m[1m^[22m[39m[31m[1m^[22m[39m[31m[1m^[22m[39m[31m[1m^[22m[39m[31m[1m^[22m[39m[31m[1m^[22m[39m[31m[1m^[22m[39m[31m[1m^[22m[39m[31m[1m^[22m[39m[31m[1m^[22m[39m[31m[1m^[22m[39m[31m[1m^[22m[39m[31m[1m^[22m[39m[31m[1m^[22m[39m[31m[1m^[22m[39m[31m[1m^[22m[39m[31m[1m^[22m[39m[31m[1m^[22m[39m[31m[1m^[22m[39m[31m[1m^[22m[39m[31m[1m^[22m[39m[31m[1m^[22m[39m[31m[1m^[22m[39m[31m[1m^[22m[39m[31m[1m^[22m[39m[31m[1m^[22m[39m[31m[1m^[22m[39m[31m[1m^[22m[39m[31m[1m^[22m[39m[31m[1m^[22m[39m[31m[1m^[22m[39m[31m[1m^[22m[39m[31m[1m^[22m[39m[31m[1m^[22m[39m[31m[1m^[22m[39m[31m[1m^[22m[39m[31m[1m^[22m[39m[31m[1m^[22m[39m[31m[1m^[22m[39m[31m[1m^[22m[39m[31m[1m^[22m[39m[31m[1m^[22m[39m[31m[1m^[22m[39m[31m[1m^[22m[39m[31m[1m^[22m[39m[31m[1m^[22m[39m[31m[1m^[22m[39m[31m[1m^[22m[39m[31m[1m^[22m[39m[31m[1m^[22m[39m[31m[1m^[22m[39m[31m[1m^[22m[39m[31m[1m^[22m[39m[31m[1m^[22m[39m[31m[1m^[22m[39m[31m[1m^[22m[39m[31m[1m^[22m[39m[31m[1m^[22m[39m[31m[1m^[22m[39m[31m[1m^[22m[39m[31m[1m^[22m[39m[31m[1m^[22m[39m[31m[1m^[22m[39m[31m[1m^[22m[39m[31m[1m^[22m[39m[31m[1m^[22m[39m[31m[1m^[22m[39m[31m[1m^[22m[39m[31m[1m^[22m[39m[31m[1m^[22m[39m[31m[1m^[22m[39m[31m[1m^[22m[39m[31m[1m^[22m[39m[31m[1m^[22m[39m[31m[1m^[22m[39m[31m[1m^[22m[39m[31m[1m^[22m[39m[31m[1m^[22m[39m[31m[1m^[22m[39m[31m[1m^[22m[39m[31m[1m^[22m[39m[31m[1m^[22m[39m[31m[1m^[22m[39m[31m[1m^[22m[39m[31m[1m^[22m[39m[31m[1m^[22m[39m[31m[1m^[22m[39m[31m[1m^[22m[39m[31m[1m^[22m[39m[31m[1m^[22m[39m[0m
[0m[31m[1m>[22m[39m[90m 18 |[39m     ssr[33m:[39m [36mfalse[39m[33m,[39m[0m
[0m [90m    |[39m [31m[1m^[22m[39m[31m[1m^[22m[39m[31m[1m^[22m[39m[31m[1m^[22m[39m[31m[1m^[22m[39m[31m[1m^[22m[39m[31m[1m^[22m[39m[31m[1m^[22m[39m[31m[1m^[22m[39m[31m[1m^[22m[39m[31m[1m^[22m[39m[31m[1m^[22m[39m[31m[1m^[22m[39m[31m[1m^[22m[39m[31m[1m^[22m[39m[31m[1m^[22m[39m[31m[1m^[22m[39m[31m[1m^[22m[39m[31m[1m^[22m[39m[31m[1m^[22m[39m[31m[1m^[22m[39m[31m[1m^[22m[39m[31m[1m^[22m[39m[31m[1m^[22m[39m[31m[1m^[22m[39m[31m[1m^[22m[39m[31m[1m^[22m[39m[31m[1m^[22m[39m[31m[1m^[22m[39m[31m[1m^[22m[39m[31m[1m^[22m[39m[31m[1m^[22m[39m[31m[1m^[22m[39m[31m[1m^[22m[39m[31m[1m^[22m[39m[31m[1m^[22m[39m[31m[1m^[22m[39m[31m[1m^[22m[39m[31m[1m^[22m[39m[31m[1m^[22m[39m[31m[1m^[22m[39m[31m[1m^[22m[39m[31m[1m^[22m[39m[31m[1m^[22m[39m[31m[1m^[22m[39m[31m[1m^[22m[39m[31m[1m^[22m[39m[31m[1m^[22m[39m[31m[1m^[22m[39m[31m[1m^[22m[39m[31m[1m^[22m[39m[31m[1m^[22m[39m[31m[1m^[22m[39m[31m[1m^[22m[39m[31m[1m^[22m[39m[31m[1m^[22m[39m[31m[1m^[22m[39m[31m[1m^[22m[39m[31m[1m^[22m[39m[31m[1m^[22m[39m[31m[1m^[22m[39m[31m[1m^[22m[39m[31m[1m^[22m[39m[31m[1m^[22m[39m[31m[1m^[22m[39m[31m[1m^[22m[39m[31m[1m^[22m[39m[31m[1m^[22m[39m[31m[1m^[22m[39m[31m[1m^[22m[39m[31m[1m^[22m[39m[31m[1m^[22m[39m[31m[1m^[22m[39m[31m[1m^[22m[39m[31m[1m^[22m[39m[31m[1m^[22m[39m[31m[1m^[22m[39m[31m[1m^[22m[39m[31m[1m^[22m[39m[31m[1m^[22m[39m[31m[1m^[22m[39m[31m[1m^[22m[39m[31m[1m^[22m[39m[31m[1m^[22m[39m[31m[1m^[22m[39m[31m[1m^[22m[39m[31m[1m^[22m[39m[31m[1m^[22m[39m[31m[1m^[22m[39m[31m[1m^[22m[39m[31m[1m^[22m[39m[31m[1m^[22m[39m[31m[1m^[22m[39m[31m[1m^[22m[39m[31m[1m^[22m[39m[31m[1m^[22m[39m[31m[1m^[22m[39m[31m[1m^[22m[39m[31m[1m^[22m[39m[31m[1m^[22m[39m[31m[1m^[22m[39m[31m[1m^[22m[39m[31m[1m^[22m[39m[31m[1m^[22m[39m[31m[1m^[22m[39m[31m[1m^[22m[39m[31m[1m^[22m[39m[31m[1m^[22m[39m[31m[1m^[22m[39m[31m[1m^[22m[39m[31m[1m^[22m[39m[31m[1m^[22m[39m[31m[1m^[22m[39m[31m[1m^[22m[39m[31m[1m^[22m[39m[31m[1m^[22m[39m[31m[1m^[22m[39m[31m[1m^[22m[39m[31m[1m^[22m[39m[31m[1m^[22m[39m[31m[1m^[22m[39m[31m[1m^[22m[39m[0m
[0m[31m[1m>[22m[39m[90m 19 |[39m     loading[33m:[39m () [33m=>[39m [36mnull[39m[0m
[0m [90m    |[39m [31m[1m^[22m[39m[31m[1m^[22m[39m[31m[1m^[22m[39m[31m[1m^[22m[39m[31m[1m^[22m[39m[31m[1m^[22m[39m[31m[1m^[22m[39m[31m[1m^[22m[39m[31m[1m^[22m[39m[31m[1m^[22m[39m[31m[1m^[22m[39m[31m[1m^[22m[39m[31m[1m^[22m[39m[31m[1m^[22m[39m[31m[1m^[22m[39m[31m[1m^[22m[39m[31m[1m^[22m[39m[31m[1m^[22m[39m[31m[1m^[22m[39m[31m[1m^[22m[39m[31m[1m^[22m[39m[31m[1m^[22m[39m[31m[1m^[22m[39m[31m[1m^[22m[39m[31m[1m^[22m[39m[31m[1m^[22m[39m[31m[1m^[22m[39m[31m[1m^[22m[39m[31m[1m^[22m[39m[31m[1m^[22m[39m[31m[1m^[22m[39m[31m[1m^[22m[39m[31m[1m^[22m[39m[31m[1m^[22m[39m[31m[1m^[22m[39m[31m[1m^[22m[39m[31m[1m^[22m[39m[31m[1m^[22m[39m[31m[1m^[22m[39m[31m[1m^[22m[39m[31m[1m^[22m[39m[31m[1m^[22m[39m[31m[1m^[22m[39m[31m[1m^[22m[39m[31m[1m^[22m[39m[31m[1m^[22m[39m[31m[1m^[22m[39m[31m[1m^[22m[39m[31m[1m^[22m[39m[31m[1m^[22m[39m[31m[1m^[22m[39m[31m[1m^[22m[39m[31m[1m^[22m[39m[31m[1m^[22m[39m[31m[1m^[22m[39m[31m[1m^[22m[39m[31m[1m^[22m[39m[31m[1m^[22m[39m[31m[1m^[22m[39m[31m[1m^[22m[39m[31m[1m^[22m[39m[31m[1m^[22m[39m[31m[1m^[22m[39m[31m[1m^[22m[39m[31m[1m^[22m[39m[31m[1m^[22m[39m[31m[1m^[22m[39m[31m[1m^[22m[39m[31m[1m^[22m[39m[31m[1m^[22m[39m[31m[1m^[22m[39m[31m[1m^[22m[39m[31m[1m^[22m[39m[31m[1m^[22m[39m[31m[1m^[22m[39m[31m[1m^[22m[39m[31m[1m^[22m[39m[31m[1m^[22m[39m[31m[1m^[22m[39m[31m[1m^[22m[39m[31m[1m^[22m[39m[31m[1m^[22m[39m[31m[1m^[22m[39m[31m[1m^[22m[39m[31m[1m^[22m[39m[31m[1m^[22m[39m[31m[1m^[22m[39m[31m[1m^[22m[39m[31m[1m^[22m[39m[31m[1m^[22m[39m[31m[1m^[22m[39m[31m[1m^[22m[39m[31m[1m^[22m[39m[31m[1m^[22m[39m[31m[1m^[22m[39m[31m[1m^[22m[39m[31m[1m^[22m[39m[31m[1m^[22m[39m[31m[1m^[22m[39m[31m[1m^[22m[39m[31m[1m^[22m[39m[31m[1m^[22m[39m[31m[1m^[22m[39m[31m[1m^[22m[39m[31m[1m^[22m[39m[31m[1m^[22m[39m[31m[1m^[22m[39m[31m[1m^[22m[39m[31m[1m^[22m[39m[31m[1m^[22m[39m[31m[1m^[22m[39m[31m[1m^[22m[39m[31m[1m^[22m[39m[31m[1m^[22m[39m[31m[1m^[22m[39m[31m[1m^[22m[39m[31m[1m^[22m[39m[31m[1m^[22m[39m[31m[1m^[22m[39m[31m[1m^[22m[39m[31m[1m^[22m[39m[31m[1m^[22m[39m[0m
[0m[31m[1m>[22m[39m[90m 20 |[39m   }[0m
[0m [90m    |[39m [31m[1m^[22m[39m[31m[1m^[22m[39m[31m[1m^[22m[39m[31m[1m^[22m[39m[31m[1m^[22m[39m[31m[1m^[22m[39m[31m[1m^[22m[39m[31m[1m^[22m[39m[31m[1m^[22m[39m[31m[1m^[22m[39m[31m[1m^[22m[39m[31m[1m^[22m[39m[31m[1m^[22m[39m[31m[1m^[22m[39m[31m[1m^[22m[39m[31m[1m^[22m[39m[31m[1m^[22m[39m[31m[1m^[22m[39m[31m[1m^[22m[39m[31m[1m^[22m[39m[31m[1m^[22m[39m[31m[1m^[22m[39m[31m[1m^[22m[39m[31m[1m^[22m[39m[31m[1m^[22m[39m[31m[1m^[22m[39m[31m[1m^[22m[39m[31m[1m^[22m[39m[31m[1m^[22m[39m[31m[1m^[22m[39m[31m[1m^[22m[39m[31m[1m^[22m[39m[31m[1m^[22m[39m[31m[1m^[22m[39m[31m[1m^[22m[39m[31m[1m^[22m[39m[31m[1m^[22m[39m[31m[1m^[22m[39m[31m[1m^[22m[39m[31m[1m^[22m[39m[31m[1m^[22m[39m[31m[1m^[22m[39m[31m[1m^[22m[39m[31m[1m^[22m[39m[31m[1m^[22m[39m[31m[1m^[22m[39m[31m[1m^[22m[39m[31m[1m^[22m[39m[31m[1m^[22m[39m[31m[1m^[22m[39m[31m[1m^[22m[39m[31m[1m^[22m[39m[31m[1m^[22m[39m[31m[1m^[22m[39m[31m[1m^[22m[39m[31m[1m^[22m[39m[31m[1m^[22m[39m[31m[1m^[22m[39m[31m[1m^[22m[39m[31m[1m^[22m[39m[31m[1m^[22m[39m[31m[1m^[22m[39m[31m[1m^[22m[39m[31m[1m^[22m[39m[31m[1m^[22m[39m[31m[1m^[22m[39m[31m[1m^[22m[39m[31m[1m^[22m[39m[31m[1m^[22m[39m[31m[1m^[22m[39m[31m[1m^[22m[39m[31m[1m^[22m[39m[31m[1m^[22m[39m[31m[1m^[22m[39m[31m[1m^[22m[39m[31m[1m^[22m[39m[31m[1m^[22m[39m[31m[1m^[22m[39m[31m[1m^[22m[39m[31m[1m^[22m[39m[31m[1m^[22m[39m[31m[1m^[22m[39m[31m[1m^[22m[39m[31m[1m^[22m[39m[31m[1m^[22m[39m[31m[1m^[22m[39m[31m[1m^[22m[39m[31m[1m^[22m[39m[31m[1m^[22m[39m[31m[1m^[22m[39m[31m[1m^[22m[39m[31m[1m^[22m[39m[31m[1m^[22m[39m[31m[1m^[22m[39m[31m[1m^[22m[39m[31m[1m^[22m[39m[31m[1m^[22m[39m[31m[1m^[22m[39m[31m[1m^[22m[39m[31m[1m^[22m[39m[31m[1m^[22m[39m[31m[1m^[22m[39m[31m[1m^[22m[39m[31m[1m^[22m[39m[31m[1m^[22m[39m[31m[1m^[22m[39m[31m[1m^[22m[39m[31m[1m^[22m[39m[31m[1m^[22m[39m[31m[1m^[22m[39m[31m[1m^[22m[39m[31m[1m^[22m[39m[31m[1m^[22m[39m[31m[1m^[22m[39m[31m[1m^[22m[39m[31m[1m^[22m[39m[31m[1m^[22m[39m[31m[1m^[22m[39m[31m[1m^[22m[39m[31m[1m^[22m[39m[31m[1m^[22m[39m[31m[1m^[22m[39m[0m
[0m[31m[1m>[22m[39m[90m 21 |[39m )[0m
[0m [90m    |[39m [31m[1m^[22m[39m[31m[1m^[22m[39m[0m
[0m [90m 22 |[39m[0m
[0m [90m 23 |[39m [36mexport[39m [36masync[39m [36mfunction[39m generateStaticParams() {[0m
[0m [90m 24 |[39m   [36mconst[39m { data[33m,[39m error } [33m=[39m [36mawait[39m getBranchSlugs()[0m

`ssr: false` is not allowed with `next/dynamic` in Server Components. Please move it into a client component.


 ○ Compiling /_error ...
 ✓ Compiled /_error in 912ms
Warning: useLayoutEffect does nothing on the server, because its effect cannot be encoded into the server renderer's output format. This will lead to a mismatch between the initial, non-hydrated UI and the intended UI. To avoid this, useLayoutEffect should only be used in components that render exclusively on the client. See https://reactjs.org/link/uselayouteffect-ssr for common fixes.
    at ShadowPortal (/home/nicolas/Desktop/Projects/menud-frontend/node_modules/.pnpm/next@15.2.0_react-dom@18.3.1_react@18.3.1__react@18.3.1/node_modules/next/src/client/components/react-dev-overlay/ui/components/shadow-portal.tsx:5:32)
    at DevOverlay (/home/nicolas/Desktop/Projects/menud-frontend/node_modules/.pnpm/next@15.2.0_react-dom@18.3.1_react@18.3.1__react@18.3.1/node_modules/next/src/client/components/react-dev-overlay/ui/dev-overlay.tsx:13:3)
    at ReactDevOverlay (/home/nicolas/Desktop/Projects/menud-frontend/node_modules/.pnpm/next@15.2.0_react-dom@18.3.1_react@18.3.1__react@18.3.1/node_modules/next/src/server/dev/next-dev-server.ts:82:10)
    at div
    at Body (/home/nicolas/Desktop/Projects/menud-frontend/node_modules/.pnpm/next@15.2.0_react-dom@18.3.1_react@18.3.1__react@18.3.1/node_modules/next/src/server/render.tsx:1266:19)
Warning: useLayoutEffect does nothing on the server, because its effect cannot be encoded into the server renderer's output format. This will lead to a mismatch between the initial, non-hydrated UI and the intended UI. To avoid this, useLayoutEffect should only be used in components that render exclusively on the client. See https://reactjs.org/link/uselayouteffect-ssr for common fixes.
    at ShadowPortal (/home/nicolas/Desktop/Projects/menud-frontend/node_modules/.pnpm/next@15.2.0_react-dom@18.3.1_react@18.3.1__react@18.3.1/node_modules/next/src/client/components/react-dev-overlay/ui/components/shadow-portal.tsx:5:32)
    at DevOverlay (/home/nicolas/Desktop/Projects/menud-frontend/node_modules/.pnpm/next@15.2.0_react-dom@18.3.1_react@18.3.1__react@18.3.1/node_modules/next/src/client/components/react-dev-overlay/ui/dev-overlay.tsx:13:3)
    at ReactDevOverlay (/home/nicolas/Desktop/Projects/menud-frontend/node_modules/.pnpm/next@15.2.0_react-dom@18.3.1_react@18.3.1__react@18.3.1/node_modules/next/src/server/dev/next-dev-server.ts:82:10)
    at div
    at Body (/home/nicolas/Desktop/Projects/menud-frontend/node_modules/.pnpm/next@15.2.0_react-dom@18.3.1_react@18.3.1__react@18.3.1/node_modules/next/src/server/render.tsx:1266:19)
 GET /terraza-centro 500 in 4192ms
 ○ Compiling /_not-found/page ...
Warning: useLayoutEffect does nothing on the server, because its effect cannot be encoded into the server renderer's output format. This will lead to a mismatch between the initial, non-hydrated UI and the intended UI. To avoid this, useLayoutEffect should only be used in components that render exclusively on the client. See https://reactjs.org/link/uselayouteffect-ssr for common fixes.
    at ShadowPortal (/home/nicolas/Desktop/Projects/menud-frontend/node_modules/.pnpm/next@15.2.0_react-dom@18.3.1_react@18.3.1__react@18.3.1/node_modules/next/src/client/components/react-dev-overlay/ui/components/shadow-portal.tsx:5:32)
    at DevOverlay (/home/nicolas/Desktop/Projects/menud-frontend/node_modules/.pnpm/next@15.2.0_react-dom@18.3.1_react@18.3.1__react@18.3.1/node_modules/next/src/client/components/react-dev-overlay/ui/dev-overlay.tsx:13:3)
    at ReactDevOverlay (/home/nicolas/Desktop/Projects/menud-frontend/node_modules/.pnpm/next@15.2.0_react-dom@18.3.1_react@18.3.1__react@18.3.1/node_modules/next/src/server/dev/next-dev-server.ts:82:10)
    at div
    at Body (/home/nicolas/Desktop/Projects/menud-frontend/node_modules/.pnpm/next@15.2.0_react-dom@18.3.1_react@18.3.1__react@18.3.1/node_modules/next/src/server/render.tsx:1266:19)
Warning: useLayoutEffect does nothing on the server, because its effect cannot be encoded into the server renderer's output format. This will lead to a mismatch between the initial, non-hydrated UI and the intended UI. To avoid this, useLayoutEffect should only be used in components that render exclusively on the client. See https://reactjs.org/link/uselayouteffect-ssr for common fixes.
    at ShadowPortal (/home/nicolas/Desktop/Projects/menud-frontend/node_modules/.pnpm/next@15.2.0_react-dom@18.3.1_react@18.3.1__react@18.3.1/node_modules/next/src/client/components/react-dev-overlay/ui/components/shadow-portal.tsx:5:32)
    at DevOverlay (/home/nicolas/Desktop/Projects/menud-frontend/node_modules/.pnpm/next@15.2.0_react-dom@18.3.1_react@18.3.1__react@18.3.1/node_modules/next/src/client/components/react-dev-overlay/ui/dev-overlay.tsx:13:3)
    at ReactDevOverlay (/home/nicolas/Desktop/Projects/menud-frontend/node_modules/.pnpm/next@15.2.0_react-dom@18.3.1_react@18.3.1__react@18.3.1/node_modules/next/src/server/dev/next-dev-server.ts:82:10)
    at div
    at Body (/home/nicolas/Desktop/Projects/menud-frontend/node_modules/.pnpm/next@15.2.0_react-dom@18.3.1_react@18.3.1__react@18.3.1/node_modules/next/src/server/render.tsx:1266:19)
 GET /.well-known/appspecific/com.chrome.devtools.json 500 in 838ms
Warning: useLayoutEffect does nothing on the server, because its effect cannot be encoded into the server renderer's output format. This will lead to a mismatch between the initial, non-hydrated UI and the intended UI. To avoid this, useLayoutEffect should only be used in components that render exclusively on the client. See https://reactjs.org/link/uselayouteffect-ssr for common fixes.
    at ShadowPortal (/home/nicolas/Desktop/Projects/menud-frontend/node_modules/.pnpm/next@15.2.0_react-dom@18.3.1_react@18.3.1__react@18.3.1/node_modules/next/src/client/components/react-dev-overlay/ui/components/shadow-portal.tsx:5:32)
    at DevOverlay (/home/nicolas/Desktop/Projects/menud-frontend/node_modules/.pnpm/next@15.2.0_react-dom@18.3.1_react@18.3.1__react@18.3.1/node_modules/next/src/client/components/react-dev-overlay/ui/dev-overlay.tsx:13:3)
    at ReactDevOverlay (/home/nicolas/Desktop/Projects/menud-frontend/node_modules/.pnpm/next@15.2.0_react-dom@18.3.1_react@18.3.1__react@18.3.1/node_modules/next/src/server/dev/next-dev-server.ts:82:10)
    at div
    at Body (/home/nicolas/Desktop/Projects/menud-frontend/node_modules/.pnpm/next@15.2.0_react-dom@18.3.1_react@18.3.1__react@18.3.1/node_modules/next/src/server/render.tsx:1266:19)
Warning: useLayoutEffect does nothing on the server, because its effect cannot be encoded into the server renderer's output format. This will lead to a mismatch between the initial, non-hydrated UI and the intended UI. To avoid this, useLayoutEffect should only be used in components that render exclusively on the client. See https://reactjs.org/link/uselayouteffect-ssr for common fixes.
    at ShadowPortal (/home/nicolas/Desktop/Projects/menud-frontend/node_modules/.pnpm/next@15.2.0_react-dom@18.3.1_react@18.3.1__react@18.3.1/node_modules/next/src/client/components/react-dev-overlay/ui/components/shadow-portal.tsx:5:32)
    at DevOverlay (/home/nicolas/Desktop/Projects/menud-frontend/node_modules/.pnpm/next@15.2.0_react-dom@18.3.1_react@18.3.1__react@18.3.1/node_modules/next/src/client/components/react-dev-overlay/ui/dev-overlay.tsx:13:3)
    at ReactDevOverlay (/home/nicolas/Desktop/Projects/menud-frontend/node_modules/.pnpm/next@15.2.0_react-dom@18.3.1_react@18.3.1__react@18.3.1/node_modules/next/src/server/dev/next-dev-server.ts:82:10)
    at div
    at Body (/home/nicolas/Desktop/Projects/menud-frontend/node_modules/.pnpm/next@15.2.0_react-dom@18.3.1_react@18.3.1__react@18.3.1/node_modules/next/src/server/render.tsx:1266:19)
Warning: useLayoutEffect does nothing on the server, because its effect cannot be encoded into the server renderer's output format. This will lead to a mismatch between the initial, non-hydrated UI and the intended UI. To avoid this, useLayoutEffect should only be used in components that render exclusively on the client. See https://reactjs.org/link/uselayouteffect-ssr for common fixes.
    at ShadowPortal (/home/nicolas/Desktop/Projects/menud-frontend/node_modules/.pnpm/next@15.2.0_react-dom@18.3.1_react@18.3.1__react@18.3.1/node_modules/next/src/client/components/react-dev-overlay/ui/components/shadow-portal.tsx:5:32)
    at DevOverlay (/home/nicolas/Desktop/Projects/menud-frontend/node_modules/.pnpm/next@15.2.0_react-dom@18.3.1_react@18.3.1__react@18.3.1/node_modules/next/src/client/components/react-dev-overlay/ui/dev-overlay.tsx:13:3)
    at ReactDevOverlay (/home/nicolas/Desktop/Projects/menud-frontend/node_modules/.pnpm/next@15.2.0_react-dom@18.3.1_react@18.3.1__react@18.3.1/node_modules/next/src/server/dev/next-dev-server.ts:82:10)
    at div
    at Body (/home/nicolas/Desktop/Projects/menud-frontend/node_modules/.pnpm/next@15.2.0_react-dom@18.3.1_react@18.3.1__react@18.3.1/node_modules/next/src/server/render.tsx:1266:19)
Warning: useLayoutEffect does nothing on the server, because its effect cannot be encoded into the server renderer's output format. This will lead to a mismatch between the initial, non-hydrated UI and the intended UI. To avoid this, useLayoutEffect should only be used in components that render exclusively on the client. See https://reactjs.org/link/uselayouteffect-ssr for common fixes.
    at ShadowPortal (/home/nicolas/Desktop/Projects/menud-frontend/node_modules/.pnpm/next@15.2.0_react-dom@18.3.1_react@18.3.1__react@18.3.1/node_modules/next/src/client/components/react-dev-overlay/ui/components/shadow-portal.tsx:5:32)
    at DevOverlay (/home/nicolas/Desktop/Projects/menud-frontend/node_modules/.pnpm/next@15.2.0_react-dom@18.3.1_react@18.3.1__react@18.3.1/node_modules/next/src/client/components/react-dev-overlay/ui/dev-overlay.tsx:13:3)
    at ReactDevOverlay (/home/nicolas/Desktop/Projects/menud-frontend/node_modules/.pnpm/next@15.2.0_react-dom@18.3.1_react@18.3.1__react@18.3.1/node_modules/next/src/server/dev/next-dev-server.ts:82:10)
    at div
    at Body (/home/nicolas/Desktop/Projects/menud-frontend/node_modules/.pnpm/next@15.2.0_react-dom@18.3.1_react@18.3.1__react@18.3.1/node_modules/next/src/server/render.tsx:1266:19)
 GET /_next/internal/helpers.ts 500 in 188ms
 GET /_next/static/runtime.ts 500 in 172ms
 ✓ Compiled /_not-found/page in 997ms
 GET /favicon.ico 500 in 460ms
Warning: useLayoutEffect does nothing on the server, because its effect cannot be encoded into the server renderer's output format. This will lead to a mismatch between the initial, non-hydrated UI and the intended UI. To avoid this, useLayoutEffect should only be used in components that render exclusively on the client. See https://reactjs.org/link/uselayouteffect-ssr for common fixes.
    at ShadowPortal (/home/nicolas/Desktop/Projects/menud-frontend/node_modules/.pnpm/next@15.2.0_react-dom@18.3.1_react@18.3.1__react@18.3.1/node_modules/next/src/client/components/react-dev-overlay/ui/components/shadow-portal.tsx:5:32)
    at DevOverlay (/home/nicolas/Desktop/Projects/menud-frontend/node_modules/.pnpm/next@15.2.0_react-dom@18.3.1_react@18.3.1__react@18.3.1/node_modules/next/src/client/components/react-dev-overlay/ui/dev-overlay.tsx:13:3)
    at ReactDevOverlay (/home/nicolas/Desktop/Projects/menud-frontend/node_modules/.pnpm/next@15.2.0_react-dom@18.3.1_react@18.3.1__react@18.3.1/node_modules/next/src/server/dev/next-dev-server.ts:82:10)
    at div
    at Body (/home/nicolas/Desktop/Projects/menud-frontend/node_modules/.pnpm/next@15.2.0_react-dom@18.3.1_react@18.3.1__react@18.3.1/node_modules/next/src/server/render.tsx:1266:19)
Warning: useLayoutEffect does nothing on the server, because its effect cannot be encoded into the server renderer's output format. This will lead to a mismatch between the initial, non-hydrated UI and the intended UI. To avoid this, useLayoutEffect should only be used in components that render exclusively on the client. See https://reactjs.org/link/uselayouteffect-ssr for common fixes.
    at ShadowPortal (/home/nicolas/Desktop/Projects/menud-frontend/node_modules/.pnpm/next@15.2.0_react-dom@18.3.1_react@18.3.1__react@18.3.1/node_modules/next/src/client/components/react-dev-overlay/ui/components/shadow-portal.tsx:5:32)
    at DevOverlay (/home/nicolas/Desktop/Projects/menud-frontend/node_modules/.pnpm/next@15.2.0_react-dom@18.3.1_react@18.3.1__react@18.3.1/node_modules/next/src/client/components/react-dev-overlay/ui/dev-overlay.tsx:13:3)
    at ReactDevOverlay (/home/nicolas/Desktop/Projects/menud-frontend/node_modules/.pnpm/next@15.2.0_react-dom@18.3.1_react@18.3.1__react@18.3.1/node_modules/next/src/server/dev/next-dev-server.ts:82:10)
    at div
    at Body (/home/nicolas/Desktop/Projects/menud-frontend/node_modules/.pnpm/next@15.2.0_react-dom@18.3.1_react@18.3.1__react@18.3.1/node_modules/next/src/server/render.tsx:1266:19)
 GET /_next/internal/helpers.ts 500 in 34ms
Warning: useLayoutEffect does nothing on the server, because its effect cannot be encoded into the server renderer's output format. This will lead to a mismatch between the initial, non-hydrated UI and the intended UI. To avoid this, useLayoutEffect should only be used in components that render exclusively on the client. See https://reactjs.org/link/uselayouteffect-ssr for common fixes.
    at ShadowPortal (/home/nicolas/Desktop/Projects/menud-frontend/node_modules/.pnpm/next@15.2.0_react-dom@18.3.1_react@18.3.1__react@18.3.1/node_modules/next/src/client/components/react-dev-overlay/ui/components/shadow-portal.tsx:5:32)
    at DevOverlay (/home/nicolas/Desktop/Projects/menud-frontend/node_modules/.pnpm/next@15.2.0_react-dom@18.3.1_react@18.3.1__react@18.3.1/node_modules/next/src/client/components/react-dev-overlay/ui/dev-overlay.tsx:13:3)
    at ReactDevOverlay (/home/nicolas/Desktop/Projects/menud-frontend/node_modules/.pnpm/next@15.2.0_react-dom@18.3.1_react@18.3.1__react@18.3.1/node_modules/next/src/server/dev/next-dev-server.ts:82:10)
    at div
    at Body (/home/nicolas/Desktop/Projects/menud-frontend/node_modules/.pnpm/next@15.2.0_react-dom@18.3.1_react@18.3.1__react@18.3.1/node_modules/next/src/server/render.tsx:1266:19)
Warning: useLayoutEffect does nothing on the server, because its effect cannot be encoded into the server renderer's output format. This will lead to a mismatch between the initial, non-hydrated UI and the intended UI. To avoid this, useLayoutEffect should only be used in components that render exclusively on the client. See https://reactjs.org/link/uselayouteffect-ssr for common fixes.
    at ShadowPortal (/home/nicolas/Desktop/Projects/menud-frontend/node_modules/.pnpm/next@15.2.0_react-dom@18.3.1_react@18.3.1__react@18.3.1/node_modules/next/src/client/components/react-dev-overlay/ui/components/shadow-portal.tsx:5:32)
    at DevOverlay (/home/nicolas/Desktop/Projects/menud-frontend/node_modules/.pnpm/next@15.2.0_react-dom@18.3.1_react@18.3.1__react@18.3.1/node_modules/next/src/client/components/react-dev-overlay/ui/dev-overlay.tsx:13:3)
    at ReactDevOverlay (/home/nicolas/Desktop/Projects/menud-frontend/node_modules/.pnpm/next@15.2.0_react-dom@18.3.1_react@18.3.1__react@18.3.1/node_modules/next/src/server/dev/next-dev-server.ts:82:10)
    at div
    at Body (/home/nicolas/Desktop/Projects/menud-frontend/node_modules/.pnpm/next@15.2.0_react-dom@18.3.1_react@18.3.1__react@18.3.1/node_modules/next/src/server/render.tsx:1266:19)
 GET /_next/static/runtime.ts 500 in 35ms
 ✓ Compiled in 361ms
 ✓ Compiled /[id] in 26ms
 GET /terraza-centro 200 in 1093ms
 GET /.well-known/appspecific/com.chrome.devtools.json 404 in 65ms
 GET /_next/internal/helpers.ts 404 in 43ms
 GET /_next/static/runtime.ts 404 in 43ms
 GET /favicon.ico?favicon.45db1c09.ico 200 in 58ms
 GET /favicon.ico?favicon.45db1c09.ico 200 in 21ms
 GET /icon-192.png 307 in 135ms
 ○ Compiling / ...
 ✓ Compiled / in 903ms
 GET / 200 in 1043ms
 ✓ Compiled in 119ms
 ✓ Compiled in 201ms
 ✓ Compiled in 125ms
 ✓ Compiled /[id] in 23ms
 ✓ Compiled in 109ms
 GET /terraza-centro 200 in 463ms
 ✓ Compiled /[id] in 16ms
 GET /terraza-centro 200 in 243ms
 GET /terraza-centro 200 in 442ms
 GET /.well-known/appspecific/com.chrome.devtools.json 404 in 52ms
 GET /_next/internal/helpers.ts 404 in 59ms
 GET /_next/static/runtime.ts 404 in 82ms
 GET /favicon.ico?favicon.45db1c09.ico 200 in 22ms
 GET /favicon.ico?favicon.45db1c09.ico 200 in 21ms
 GET /icon-192.png 307 in 134ms
 GET / 200 in 141ms
 ✓ Compiled in 211ms
 ✓ Compiled in 121ms
 ✓ Compiled in 219ms
 ✓ Compiled /[id] in 20ms
 GET /terraza-centro 200 in 307ms
 GET /terraza-centro 200 in 486ms
 GET /.well-known/appspecific/com.chrome.devtools.json 404 in 47ms
 GET /_next/static/runtime.ts 404 in 89ms
 GET /_next/internal/helpers.ts 404 in 95ms
 GET /favicon.ico?favicon.45db1c09.ico 200 in 21ms
 GET /favicon.ico?favicon.45db1c09.ico 200 in 22ms
 GET /icon-192.png 307 in 155ms
 GET / 200 in 160ms
 ✓ Compiled in 215ms
 ✓ Compiled in 200ms
 GET /terraza-centro 200 in 742ms
 GET /favicon.ico?favicon.45db1c09.ico 200 in 24ms
 GET /_next/static/runtime.ts 404 in 10755ms
 GET /_next/internal/helpers.ts 404 in 12277ms
